-- MySQL dump 10.13  Distrib 5.5.59, for debian-linux-gnu (x86_64)
--
-- Host: localhost    Database: prueba_lime
-- ------------------------------------------------------
-- Server version	5.5.59-0ubuntu0.14.04.1

/*!40101 SET @OLD_CHARACTER_SET_CLIENT=@@CHARACTER_SET_CLIENT */;
/*!40101 SET @OLD_CHARACTER_SET_RESULTS=@@CHARACTER_SET_RESULTS */;
/*!40101 SET @OLD_COLLATION_CONNECTION=@@COLLATION_CONNECTION */;
/*!40101 SET NAMES utf8 */;
/*!40103 SET @OLD_TIME_ZONE=@@TIME_ZONE */;
/*!40103 SET TIME_ZONE='+00:00' */;
/*!40014 SET @OLD_UNIQUE_CHECKS=@@UNIQUE_CHECKS, UNIQUE_CHECKS=0 */;
/*!40014 SET @OLD_FOREIGN_KEY_CHECKS=@@FOREIGN_KEY_CHECKS, FOREIGN_KEY_CHECKS=0 */;
/*!40101 SET @OLD_SQL_MODE=@@SQL_MODE, SQL_MODE='NO_AUTO_VALUE_ON_ZERO' */;
/*!40111 SET @OLD_SQL_NOTES=@@SQL_NOTES, SQL_NOTES=0 */;

--
-- Table structure for table `campaign`
--

DROP TABLE IF EXISTS `campaign`;
/*!40101 SET @saved_cs_client     = @@character_set_client */;
/*!40101 SET character_set_client = utf8 */;
CREATE TABLE `campaign` (
  `id` int(11) NOT NULL AUTO_INCREMENT,
  `nombre` varchar(100) NOT NULL,
  `cliente_id` int(11) NOT NULL,
  `cod_vicidial_id` varchar(50) DEFAULT NULL,
  PRIMARY KEY (`id`)
) ENGINE=InnoDB AUTO_INCREMENT=5 DEFAULT CHARSET=utf8;
/*!40101 SET character_set_client = @saved_cs_client */;

--
-- Dumping data for table `campaign`
--

LOCK TABLES `campaign` WRITE;
/*!40000 ALTER TABLE `campaign` DISABLE KEYS */;
INSERT INTO `campaign` VALUES (1,'Melon Hormigones',1,'010034001'),(2,'Proyectos Easy',2,NULL),(4,'Auditoria Cencosud',3,'0123456');
/*!40000 ALTER TABLE `campaign` ENABLE KEYS */;
UNLOCK TABLES;

--
-- Table structure for table `cargas`
--

DROP TABLE IF EXISTS `cargas`;
/*!40101 SET @saved_cs_client     = @@character_set_client */;
/*!40101 SET character_set_client = utf8 */;
CREATE TABLE `cargas` (
  `id` int(11) NOT NULL AUTO_INCREMENT,
  `usuario_id` int(11) NOT NULL,
  `created_at` datetime DEFAULT NULL,
  `estado` int(11) NOT NULL,
  `modified_at` datetime DEFAULT NULL,
  `encuesta` int(11) NOT NULL,
  PRIMARY KEY (`id`)
) ENGINE=InnoDB AUTO_INCREMENT=6 DEFAULT CHARSET=utf8;
/*!40101 SET character_set_client = @saved_cs_client */;

--
-- Dumping data for table `cargas`
--

LOCK TABLES `cargas` WRITE;
/*!40000 ALTER TABLE `cargas` DISABLE KEYS */;
INSERT INTO `cargas` VALUES (2,1,'2018-02-28 14:25:08',1,'2018-02-28 14:25:08',4),(3,1,'2018-02-28 14:28:38',1,'2018-02-28 14:28:38',0),(4,1,'2018-02-28 15:42:21',1,'2018-02-28 15:42:21',6),(5,3,'2018-02-28 16:07:37',1,'2018-02-28 16:07:37',1);
/*!40000 ALTER TABLE `cargas` ENABLE KEYS */;
UNLOCK TABLES;

--
-- Table structure for table `clientes`
--

DROP TABLE IF EXISTS `clientes`;
/*!40101 SET @saved_cs_client     = @@character_set_client */;
/*!40101 SET character_set_client = utf8 */;
CREATE TABLE `clientes` (
  `id` int(11) NOT NULL AUTO_INCREMENT,
  `nombre` varchar(100) NOT NULL,
  `created_at` datetime DEFAULT NULL,
  `updated_at` datetime DEFAULT NULL,
  PRIMARY KEY (`id`)
) ENGINE=InnoDB AUTO_INCREMENT=4 DEFAULT CHARSET=utf8;
/*!40101 SET character_set_client = @saved_cs_client */;

--
-- Dumping data for table `clientes`
--

LOCK TABLES `clientes` WRITE;
/*!40000 ALTER TABLE `clientes` DISABLE KEYS */;
INSERT INTO `clientes` VALUES (1,'Praxis','2017-12-01 11:36:34','2017-12-01 11:36:34'),(2,'Easy','2017-12-04 08:11:08','2017-12-04 08:11:08'),(3,'Cencosud','2018-02-20 09:43:54','2018-02-20 09:43:54');
/*!40000 ALTER TABLE `clientes` ENABLE KEYS */;
UNLOCK TABLES;

--
-- Table structure for table `contactos`
--

DROP TABLE IF EXISTS `contactos`;
/*!40101 SET @saved_cs_client     = @@character_set_client */;
/*!40101 SET character_set_client = utf8 */;
CREATE TABLE `contactos` (
  `id` int(11) NOT NULL AUTO_INCREMENT,
  `nombre` varchar(200) NOT NULL,
  `telefono` varchar(20) NOT NULL,
  `encuesta` int(11) NOT NULL,
  `rut` varchar(20) DEFAULT NULL,
  `comuna` varchar(100) DEFAULT NULL,
  `region` varchar(100) DEFAULT NULL,
  `empresa` varchar(200) DEFAULT NULL,
  `email` varchar(100) DEFAULT NULL,
  `direccion` varchar(255) DEFAULT NULL,
  `profesion` varchar(200) DEFAULT NULL,
  `edad` varchar(10) DEFAULT NULL,
  `codigo` varchar(20) DEFAULT NULL,
  `tienda` varchar(100) DEFAULT NULL,
  `dato1` varchar(255) DEFAULT NULL,
  `dato2` varchar(255) DEFAULT NULL,
  `dato3` varchar(255) DEFAULT NULL,
  `fecha1` varchar(100) DEFAULT NULL,
  `fecha2` varchar(20) DEFAULT NULL,
  `fecha3` varchar(20) DEFAULT NULL,
  `telefono2` varchar(20) DEFAULT NULL,
  `telefono3` varchar(20) DEFAULT NULL,
  `telefono4` varchar(20) DEFAULT NULL,
  `telefono5` varchar(20) DEFAULT NULL,
  `telefono6` varchar(20) DEFAULT NULL,
  `telefono7` varchar(20) DEFAULT NULL,
  `telefono8` varchar(20) DEFAULT NULL,
  `telefono9` varchar(20) DEFAULT NULL,
  `telefono10` varchar(20) DEFAULT NULL,
  `criterio1` varchar(255) DEFAULT NULL,
  `criterio2` varchar(255) DEFAULT NULL,
  `created_at` datetime DEFAULT NULL,
  `num_carga` int(11) NOT NULL,
  `estado_contacto` int(11) NOT NULL,
  `estado_llamada` int(11) NOT NULL,
  `modified_at` datetime DEFAULT NULL,
  `encuestador_id` int(11) DEFAULT NULL,
  PRIMARY KEY (`id`)
) ENGINE=InnoDB AUTO_INCREMENT=129 DEFAULT CHARSET=utf8;
/*!40101 SET character_set_client = @saved_cs_client */;

--
-- Dumping data for table `contactos`
--

LOCK TABLES `contactos` WRITE;
/*!40000 ALTER TABLE `contactos` DISABLE KEYS */;
INSERT INTO `contactos` VALUES (1,'Laura Andrade','56988051289',4,NULL,'Santiago','13',NULL,NULL,NULL,NULL,NULL,'20180220300',NULL,'Fijo','Praxis',NULL,'20-01-2018','20-02-2018','27-02-2018','9675432976',NULL,NULL,NULL,NULL,NULL,NULL,NULL,NULL,NULL,NULL,'2018-02-28 14:25:08',2,2,1,'2018-03-01 19:07:34',7),(2,'Luisa Chavez','56988051289',4,NULL,'La Serena','4',NULL,NULL,NULL,NULL,NULL,'20180222302',NULL,'Fijo','Praxis',NULL,'20-01-2018','20-02-2018','27-02-2018','9675432976',NULL,NULL,NULL,NULL,NULL,NULL,NULL,NULL,NULL,NULL,'2018-02-28 14:25:08',2,2,1,'2018-03-01 16:40:37',7),(3,'Maria Perez','56988051289',4,NULL,'Curico','7',NULL,NULL,NULL,NULL,NULL,'20180224304',NULL,'Fijo','Praxis',NULL,'20-01-2018','20-02-2018','27-02-2018','9675432976',NULL,NULL,NULL,NULL,NULL,NULL,NULL,NULL,NULL,NULL,'2018-02-28 14:25:09',2,1,7,'2018-02-28 14:25:09',NULL),(4,'Maria Cruz','56988051289',4,NULL,'Santiago','13',NULL,NULL,NULL,NULL,NULL,'20180226306',NULL,'Fijo','Praxis',NULL,'20-01-2018','20-02-2018','27-02-2018','9675432976','6789546',NULL,NULL,NULL,NULL,NULL,NULL,NULL,NULL,NULL,'2018-02-28 14:25:09',2,2,1,'2018-03-01 16:42:36',6),(5,'Samuel Venegas','944455895',4,NULL,'Valparaiso','5',NULL,NULL,NULL,NULL,NULL,'20180228308',NULL,'Fijo','Praxis',NULL,'20-01-2018','20-02-2018','27-02-2018','9675432976','99567910',NULL,NULL,NULL,NULL,NULL,NULL,NULL,NULL,NULL,'2018-02-28 14:25:09',2,1,7,'2018-02-28 14:25:09',NULL),(6,'Luisa Godoy','944455895',4,NULL,'Arica','15',NULL,NULL,NULL,NULL,NULL,'20180230310',NULL,'Fijo','Praxis',NULL,'20-01-2018','20-02-2018','27-02-2018','9675432976',NULL,NULL,NULL,NULL,NULL,NULL,NULL,NULL,NULL,NULL,'2018-02-28 14:25:09',2,3,17,'2018-03-02 12:39:11',7),(7,'Pilar Moncada','56988051289',4,NULL,'Santiago','13',NULL,NULL,NULL,NULL,NULL,'20180232312',NULL,'Fijo','Praxis',NULL,'20-01-2018','20-02-2018','27-02-2018','9675432976',NULL,NULL,NULL,NULL,NULL,NULL,NULL,NULL,NULL,NULL,'2018-02-28 14:25:09',2,1,7,'2018-02-28 14:25:09',NULL),(8,'Carolina Estevez','56988051289',4,NULL,'San Bernardo','RM',NULL,NULL,NULL,NULL,NULL,'20180234314',NULL,'Fijo','Praxis',NULL,'20-01-2018','20-02-2018','27-02-2018','9675432976',NULL,NULL,NULL,NULL,NULL,NULL,NULL,NULL,NULL,NULL,'2018-02-28 14:25:09',2,1,7,'2018-02-28 14:25:09',NULL),(9,'Laura Andrade','56988051289',4,NULL,'Santiago','13',NULL,NULL,NULL,NULL,NULL,'20180220300',NULL,'Fijo','Praxis',NULL,'20-01-2018','20-02-2018','27-02-2018','9675432976',NULL,NULL,NULL,NULL,NULL,NULL,NULL,NULL,NULL,NULL,'2018-02-28 14:25:09',2,1,7,'2018-02-28 14:25:09',NULL),(10,'Luisa Chavez','56988051289',4,NULL,'La Serena','4',NULL,NULL,NULL,NULL,NULL,'20180222302',NULL,'Fijo','Praxis',NULL,'20-01-2018','20-02-2018','27-02-2018','9675432976',NULL,NULL,NULL,NULL,NULL,NULL,NULL,NULL,NULL,NULL,'2018-02-28 14:25:09',2,1,7,'2018-02-28 14:25:09',NULL),(11,'Freddy Morales','56988051289',4,NULL,'Curico','7',NULL,NULL,NULL,NULL,NULL,'20180224304',NULL,'Fijo','Praxis',NULL,'20-01-2018','20-02-2018','27-02-2018','9675432976',NULL,NULL,NULL,NULL,NULL,NULL,NULL,NULL,NULL,NULL,'2018-02-28 14:25:09',2,1,7,'2018-02-28 14:25:09',NULL),(12,'Maria Cruz','56988051289',4,NULL,'Santiago','13',NULL,NULL,NULL,NULL,NULL,'20180226306',NULL,'Fijo','Praxis',NULL,'20-01-2018','20-02-2018','27-02-2018','9675432976','6789546',NULL,NULL,NULL,NULL,NULL,NULL,NULL,NULL,NULL,'2018-02-28 14:25:09',2,1,7,'2018-02-28 14:25:09',NULL),(13,'Samuel Venegas','56988051289',4,NULL,'Valparaiso','5',NULL,NULL,NULL,NULL,NULL,'20180228308',NULL,'Fijo','Praxis',NULL,'20-01-2018','20-02-2018','27-02-2018','9675432976','99567910',NULL,NULL,NULL,NULL,NULL,NULL,NULL,NULL,NULL,'2018-02-28 14:25:09',2,1,7,'2018-02-28 14:25:09',NULL),(14,'Alberto Zurita','944455895',4,NULL,'Arica','15',NULL,NULL,NULL,NULL,NULL,'20180230310',NULL,'Fijo','Praxis',NULL,'20-01-2018','20-02-2018','27-02-2018','9675432976',NULL,NULL,NULL,NULL,NULL,NULL,NULL,NULL,NULL,NULL,'2018-02-28 14:25:09',2,1,7,'2018-02-28 14:25:09',NULL),(15,'Rodrigo Mendez','56988051289',4,NULL,'Santiago','13',NULL,NULL,NULL,NULL,NULL,'20180232312',NULL,'Fijo','Praxis',NULL,'20-01-2018','20-02-2018','27-02-2018','9675432976',NULL,NULL,NULL,NULL,NULL,NULL,NULL,NULL,NULL,NULL,'2018-02-28 14:25:10',2,1,7,'2018-02-28 14:25:10',NULL),(16,'Carolina Estevez','56988051289',4,NULL,'San Bernardo','RM',NULL,NULL,NULL,NULL,NULL,'20180234314',NULL,'Fijo','Praxis',NULL,'20-01-2018','20-02-2018','27-02-2018','9675432976',NULL,NULL,NULL,NULL,NULL,NULL,NULL,NULL,NULL,NULL,'2018-02-28 14:25:10',2,2,1,'2018-03-02 12:26:18',1),(17,'Esteban Mendez','56988051289',4,NULL,'Santiago','13',NULL,NULL,NULL,NULL,NULL,'20180220300',NULL,'Fijo','Praxis',NULL,'20-01-2018','20-02-2018','27-02-2018','9675432976',NULL,NULL,NULL,NULL,NULL,NULL,NULL,NULL,NULL,NULL,'2018-02-28 14:25:10',2,1,7,'2018-02-28 14:25:10',NULL),(18,'Luisa Chavez','56988051289',4,NULL,'La Serena','4',NULL,NULL,NULL,NULL,NULL,'20180222302',NULL,'Fijo','Praxis',NULL,'20-01-2018','20-02-2018','27-02-2018','9675432976',NULL,NULL,NULL,NULL,NULL,NULL,NULL,NULL,NULL,NULL,'2018-02-28 14:25:10',2,2,1,'2018-02-28 16:05:34',5),(19,'Jacinta Errasuriz','56988051289',4,NULL,'Curico','7',NULL,NULL,NULL,NULL,NULL,'20180224304',NULL,'Fijo','Praxis',NULL,'20-01-2018','20-02-2018','27-02-2018','9675432976',NULL,NULL,NULL,NULL,NULL,NULL,NULL,NULL,NULL,NULL,'2018-02-28 14:25:10',2,1,7,'2018-02-28 14:25:10',NULL),(20,'Maria Cruz','56988051289',4,NULL,'Santiago','13',NULL,NULL,NULL,NULL,NULL,'20180226306',NULL,'Fijo','Praxis',NULL,'20-01-2018','20-02-2018','27-02-2018','9675432976','6789546',NULL,NULL,NULL,NULL,NULL,NULL,NULL,NULL,NULL,'2018-02-28 14:25:10',2,2,1,'2018-03-02 12:37:59',1),(21,'Samuel Venegas','56988051289',4,NULL,'Valparaiso','5',NULL,NULL,NULL,NULL,NULL,'20180228308',NULL,'Fijo','Praxis',NULL,'20-01-2018','20-02-2018','27-02-2018','9675432976','99567910',NULL,NULL,NULL,NULL,NULL,NULL,NULL,NULL,NULL,'2018-02-28 14:25:10',2,1,7,'2018-02-28 14:25:10',NULL),(22,'Arturo Escarate','56988051289',4,NULL,'Arica','15',NULL,NULL,NULL,NULL,NULL,'20180230310',NULL,'Fijo','Praxis',NULL,'20-01-2018','20-02-2018','27-02-2018','9675432976',NULL,NULL,NULL,NULL,NULL,NULL,NULL,NULL,NULL,NULL,'2018-02-28 14:25:10',2,2,1,'2018-03-01 16:41:03',7),(23,'Rodrigo Mendez','56988051289',4,NULL,'Santiago','13',NULL,NULL,NULL,NULL,NULL,'20180232312',NULL,'Fijo','Praxis',NULL,'20-01-2018','20-02-2018','27-02-2018','9675432976',NULL,NULL,NULL,NULL,NULL,NULL,NULL,NULL,NULL,NULL,'2018-02-28 14:25:10',2,1,2,'2018-03-02 14:23:36',7),(24,'Carolina Estevez','56988051289',4,NULL,'San Bernardo','RM',NULL,NULL,NULL,NULL,NULL,'20180234314',NULL,'Fijo','Praxis',NULL,'20-01-2018','20-02-2018','27-02-2018','9675432976',NULL,NULL,NULL,NULL,NULL,NULL,NULL,NULL,NULL,NULL,'2018-02-28 14:25:10',2,1,7,'2018-02-28 14:25:10',NULL),(25,'Laura Andrade','56988051289',4,NULL,'Santiago','13',NULL,NULL,NULL,NULL,NULL,'20180220300',NULL,'Fijo','Praxis',NULL,'20-01-2018','20-02-2018','27-02-2018','9675432976',NULL,NULL,NULL,NULL,NULL,NULL,NULL,NULL,NULL,NULL,'2018-02-28 14:25:10',2,1,7,'2018-02-28 14:25:10',NULL),(26,'Luisa Chavez','56988051289',4,NULL,'La Serena','4',NULL,NULL,NULL,NULL,NULL,'20180222302',NULL,'Fijo','Praxis',NULL,'20-01-2018','20-02-2018','27-02-2018','9675432976',NULL,NULL,NULL,NULL,NULL,NULL,NULL,NULL,NULL,NULL,'2018-02-28 14:25:10',2,1,7,'2018-02-28 14:25:10',NULL),(27,'Jacinta Errasuriz','56988051289',4,NULL,'Curico','7',NULL,NULL,NULL,NULL,NULL,'20180224304',NULL,'Fijo','Praxis',NULL,'20-01-2018','20-02-2018','27-02-2018','9675432976',NULL,NULL,NULL,NULL,NULL,NULL,NULL,NULL,NULL,NULL,'2018-02-28 14:25:10',2,3,17,'2018-03-02 12:30:03',1),(28,'Maria Cruz','56988051289',4,NULL,'Santiago','13',NULL,NULL,NULL,NULL,NULL,'20180226306',NULL,'Fijo','Praxis',NULL,'20-01-2018','20-02-2018','27-02-2018','9675432976','6789546',NULL,NULL,NULL,NULL,NULL,NULL,NULL,NULL,NULL,'2018-02-28 14:25:10',2,1,7,'2018-02-28 14:25:10',NULL),(29,'Samuel Venegas','56988051289',4,NULL,'Valparaiso','5',NULL,NULL,NULL,NULL,NULL,'20180228308',NULL,'Fijo','Praxis',NULL,'20-01-2018','20-02-2018','27-02-2018','9675432976','99567910',NULL,NULL,NULL,NULL,NULL,NULL,NULL,NULL,NULL,'2018-02-28 14:25:10',2,1,7,'2018-02-28 14:25:10',NULL),(30,'Noemi Alvarez','56988051289',4,NULL,'Arica','15',NULL,NULL,NULL,NULL,NULL,'20180230310',NULL,'Fijo','Praxis',NULL,'20-01-2018','20-02-2018','27-02-2018','9675432976',NULL,NULL,NULL,NULL,NULL,NULL,NULL,NULL,NULL,NULL,'2018-02-28 14:25:10',2,1,7,'2018-02-28 14:25:10',NULL),(31,'Rodrigo Mendez','56988051289',4,NULL,'Santiago','13',NULL,NULL,NULL,NULL,NULL,'20180232312',NULL,'Fijo','Praxis',NULL,'20-01-2018','20-02-2018','27-02-2018','9675432976',NULL,NULL,NULL,NULL,NULL,NULL,NULL,NULL,NULL,NULL,'2018-02-28 14:25:10',2,1,7,'2018-02-28 14:25:10',NULL),(32,'Carolina Estevez','56988051289',4,NULL,'San Bernardo','RM',NULL,NULL,NULL,NULL,NULL,'20180234314',NULL,'Fijo','Praxis',NULL,'20-01-2018','20-02-2018','27-02-2018','9675432976',NULL,NULL,NULL,NULL,NULL,NULL,NULL,NULL,NULL,NULL,'2018-02-28 14:25:10',2,1,7,'2018-02-28 14:25:10',NULL),(33,'Laura Andrade','56988051289',0,NULL,'Santiago','13',NULL,NULL,NULL,NULL,NULL,'20180220300',NULL,'Fijo','Praxis',NULL,'20-01-2018','20-02-2018','27-02-2018','9675432976',NULL,NULL,NULL,NULL,NULL,NULL,NULL,NULL,NULL,NULL,'2018-02-28 14:28:38',3,1,7,'2018-02-28 14:28:38',NULL),(34,'Luisa Chavez','56988051289',0,NULL,'La Serena','4',NULL,NULL,NULL,NULL,NULL,'20180222302',NULL,'Fijo','Praxis',NULL,'20-01-2018','20-02-2018','27-02-2018','9675432976',NULL,NULL,NULL,NULL,NULL,NULL,NULL,NULL,NULL,NULL,'2018-02-28 14:28:39',3,1,7,'2018-02-28 14:28:39',NULL),(35,'Maria Perez','56988051289',0,NULL,'Curico','7',NULL,NULL,NULL,NULL,NULL,'20180224304',NULL,'Fijo','Praxis',NULL,'20-01-2018','20-02-2018','27-02-2018','9675432976',NULL,NULL,NULL,NULL,NULL,NULL,NULL,NULL,NULL,NULL,'2018-02-28 14:28:39',3,1,7,'2018-02-28 14:28:39',NULL),(36,'Maria Cruz','56988051289',0,NULL,'Santiago','13',NULL,NULL,NULL,NULL,NULL,'20180226306',NULL,'Fijo','Praxis',NULL,'20-01-2018','20-02-2018','27-02-2018','9675432976','6789546',NULL,NULL,NULL,NULL,NULL,NULL,NULL,NULL,NULL,'2018-02-28 14:28:39',3,1,7,'2018-02-28 14:28:39',NULL),(37,'Samuel Venegas','944455895',0,NULL,'Valparaiso','5',NULL,NULL,NULL,NULL,NULL,'20180228308',NULL,'Fijo','Praxis',NULL,'20-01-2018','20-02-2018','27-02-2018','9675432976','99567910',NULL,NULL,NULL,NULL,NULL,NULL,NULL,NULL,NULL,'2018-02-28 14:28:39',3,1,7,'2018-02-28 14:28:39',NULL),(38,'Luisa Godoy','944455895',0,NULL,'Arica','15',NULL,NULL,NULL,NULL,NULL,'20180230310',NULL,'Fijo','Praxis',NULL,'20-01-2018','20-02-2018','27-02-2018','9675432976',NULL,NULL,NULL,NULL,NULL,NULL,NULL,NULL,NULL,NULL,'2018-02-28 14:28:39',3,1,7,'2018-02-28 14:28:39',NULL),(39,'Pilar Moncada','56988051289',0,NULL,'Santiago','13',NULL,NULL,NULL,NULL,NULL,'20180232312',NULL,'Fijo','Praxis',NULL,'20-01-2018','20-02-2018','27-02-2018','9675432976',NULL,NULL,NULL,NULL,NULL,NULL,NULL,NULL,NULL,NULL,'2018-02-28 14:28:39',3,1,7,'2018-02-28 14:28:39',NULL),(40,'Carolina Estevez','56988051289',0,NULL,'San Bernardo','RM',NULL,NULL,NULL,NULL,NULL,'20180234314',NULL,'Fijo','Praxis',NULL,'20-01-2018','20-02-2018','27-02-2018','9675432976',NULL,NULL,NULL,NULL,NULL,NULL,NULL,NULL,NULL,NULL,'2018-02-28 14:28:39',3,1,7,'2018-02-28 14:28:39',NULL),(41,'Laura Andrade','56988051289',0,NULL,'Santiago','13',NULL,NULL,NULL,NULL,NULL,'20180220300',NULL,'Fijo','Praxis',NULL,'20-01-2018','20-02-2018','27-02-2018','9675432976',NULL,NULL,NULL,NULL,NULL,NULL,NULL,NULL,NULL,NULL,'2018-02-28 14:28:40',3,1,7,'2018-02-28 14:28:40',NULL),(42,'Luisa Chavez','56988051289',0,NULL,'La Serena','4',NULL,NULL,NULL,NULL,NULL,'20180222302',NULL,'Fijo','Praxis',NULL,'20-01-2018','20-02-2018','27-02-2018','9675432976',NULL,NULL,NULL,NULL,NULL,NULL,NULL,NULL,NULL,NULL,'2018-02-28 14:28:40',3,1,7,'2018-02-28 14:28:40',NULL),(43,'Freddy Morales','56988051289',0,NULL,'Curico','7',NULL,NULL,NULL,NULL,NULL,'20180224304',NULL,'Fijo','Praxis',NULL,'20-01-2018','20-02-2018','27-02-2018','9675432976',NULL,NULL,NULL,NULL,NULL,NULL,NULL,NULL,NULL,NULL,'2018-02-28 14:28:40',3,1,7,'2018-02-28 14:28:40',NULL),(44,'Maria Cruz','56988051289',0,NULL,'Santiago','13',NULL,NULL,NULL,NULL,NULL,'20180226306',NULL,'Fijo','Praxis',NULL,'20-01-2018','20-02-2018','27-02-2018','9675432976','6789546',NULL,NULL,NULL,NULL,NULL,NULL,NULL,NULL,NULL,'2018-02-28 14:28:40',3,1,7,'2018-02-28 14:28:40',NULL),(45,'Samuel Venegas','56988051289',0,NULL,'Valparaiso','5',NULL,NULL,NULL,NULL,NULL,'20180228308',NULL,'Fijo','Praxis',NULL,'20-01-2018','20-02-2018','27-02-2018','9675432976','99567910',NULL,NULL,NULL,NULL,NULL,NULL,NULL,NULL,NULL,'2018-02-28 14:28:40',3,1,7,'2018-02-28 14:28:40',NULL),(46,'Alberto Zurita','944455895',0,NULL,'Arica','15',NULL,NULL,NULL,NULL,NULL,'20180230310',NULL,'Fijo','Praxis',NULL,'20-01-2018','20-02-2018','27-02-2018','9675432976',NULL,NULL,NULL,NULL,NULL,NULL,NULL,NULL,NULL,NULL,'2018-02-28 14:28:40',3,1,7,'2018-02-28 14:28:40',NULL),(47,'Rodrigo Mendez','56988051289',0,NULL,'Santiago','13',NULL,NULL,NULL,NULL,NULL,'20180232312',NULL,'Fijo','Praxis',NULL,'20-01-2018','20-02-2018','27-02-2018','9675432976',NULL,NULL,NULL,NULL,NULL,NULL,NULL,NULL,NULL,NULL,'2018-02-28 14:28:40',3,1,7,'2018-02-28 14:28:40',NULL),(48,'Carolina Estevez','56988051289',0,NULL,'San Bernardo','RM',NULL,NULL,NULL,NULL,NULL,'20180234314',NULL,'Fijo','Praxis',NULL,'20-01-2018','20-02-2018','27-02-2018','9675432976',NULL,NULL,NULL,NULL,NULL,NULL,NULL,NULL,NULL,NULL,'2018-02-28 14:28:40',3,1,7,'2018-02-28 14:28:40',NULL),(49,'Esteban Mendez','56988051289',0,NULL,'Santiago','13',NULL,NULL,NULL,NULL,NULL,'20180220300',NULL,'Fijo','Praxis',NULL,'20-01-2018','20-02-2018','27-02-2018','9675432976',NULL,NULL,NULL,NULL,NULL,NULL,NULL,NULL,NULL,NULL,'2018-02-28 14:28:40',3,1,7,'2018-02-28 14:28:40',NULL),(50,'Luisa Chavez','56988051289',0,NULL,'La Serena','4',NULL,NULL,NULL,NULL,NULL,'20180222302',NULL,'Fijo','Praxis',NULL,'20-01-2018','20-02-2018','27-02-2018','9675432976',NULL,NULL,NULL,NULL,NULL,NULL,NULL,NULL,NULL,NULL,'2018-02-28 14:28:40',3,1,7,'2018-02-28 14:28:40',NULL),(51,'Jacinta Errasuriz','56988051289',0,NULL,'Curico','7',NULL,NULL,NULL,NULL,NULL,'20180224304',NULL,'Fijo','Praxis',NULL,'20-01-2018','20-02-2018','27-02-2018','9675432976',NULL,NULL,NULL,NULL,NULL,NULL,NULL,NULL,NULL,NULL,'2018-02-28 14:28:41',3,1,7,'2018-02-28 14:28:41',NULL),(52,'Maria Cruz','56988051289',0,NULL,'Santiago','13',NULL,NULL,NULL,NULL,NULL,'20180226306',NULL,'Fijo','Praxis',NULL,'20-01-2018','20-02-2018','27-02-2018','9675432976','6789546',NULL,NULL,NULL,NULL,NULL,NULL,NULL,NULL,NULL,'2018-02-28 14:28:41',3,1,7,'2018-02-28 14:28:41',NULL),(53,'Samuel Venegas','56988051289',0,NULL,'Valparaiso','5',NULL,NULL,NULL,NULL,NULL,'20180228308',NULL,'Fijo','Praxis',NULL,'20-01-2018','20-02-2018','27-02-2018','9675432976','99567910',NULL,NULL,NULL,NULL,NULL,NULL,NULL,NULL,NULL,'2018-02-28 14:28:41',3,1,7,'2018-02-28 14:28:41',NULL),(54,'Arturo Escarate','56988051289',0,NULL,'Arica','15',NULL,NULL,NULL,NULL,NULL,'20180230310',NULL,'Fijo','Praxis',NULL,'20-01-2018','20-02-2018','27-02-2018','9675432976',NULL,NULL,NULL,NULL,NULL,NULL,NULL,NULL,NULL,NULL,'2018-02-28 14:28:41',3,1,7,'2018-02-28 14:28:41',NULL),(55,'Rodrigo Mendez','56988051289',0,NULL,'Santiago','13',NULL,NULL,NULL,NULL,NULL,'20180232312',NULL,'Fijo','Praxis',NULL,'20-01-2018','20-02-2018','27-02-2018','9675432976',NULL,NULL,NULL,NULL,NULL,NULL,NULL,NULL,NULL,NULL,'2018-02-28 14:28:41',3,1,7,'2018-02-28 14:28:41',NULL),(56,'Carolina Estevez','56988051289',0,NULL,'San Bernardo','RM',NULL,NULL,NULL,NULL,NULL,'20180234314',NULL,'Fijo','Praxis',NULL,'20-01-2018','20-02-2018','27-02-2018','9675432976',NULL,NULL,NULL,NULL,NULL,NULL,NULL,NULL,NULL,NULL,'2018-02-28 14:28:41',3,1,7,'2018-02-28 14:28:41',NULL),(57,'Laura Andrade','56988051289',0,NULL,'Santiago','13',NULL,NULL,NULL,NULL,NULL,'20180220300',NULL,'Fijo','Praxis',NULL,'20-01-2018','20-02-2018','27-02-2018','9675432976',NULL,NULL,NULL,NULL,NULL,NULL,NULL,NULL,NULL,NULL,'2018-02-28 14:28:41',3,1,7,'2018-02-28 14:28:41',NULL),(58,'Luisa Chavez','56988051289',0,NULL,'La Serena','4',NULL,NULL,NULL,NULL,NULL,'20180222302',NULL,'Fijo','Praxis',NULL,'20-01-2018','20-02-2018','27-02-2018','9675432976',NULL,NULL,NULL,NULL,NULL,NULL,NULL,NULL,NULL,NULL,'2018-02-28 14:28:41',3,1,7,'2018-02-28 14:28:41',NULL),(59,'Jacinta Errasuriz','56988051289',0,NULL,'Curico','7',NULL,NULL,NULL,NULL,NULL,'20180224304',NULL,'Fijo','Praxis',NULL,'20-01-2018','20-02-2018','27-02-2018','9675432976',NULL,NULL,NULL,NULL,NULL,NULL,NULL,NULL,NULL,NULL,'2018-02-28 14:28:41',3,1,7,'2018-02-28 14:28:41',NULL),(60,'Maria Cruz','56988051289',0,NULL,'Santiago','13',NULL,NULL,NULL,NULL,NULL,'20180226306',NULL,'Fijo','Praxis',NULL,'20-01-2018','20-02-2018','27-02-2018','9675432976','6789546',NULL,NULL,NULL,NULL,NULL,NULL,NULL,NULL,NULL,'2018-02-28 14:28:41',3,1,7,'2018-02-28 14:28:41',NULL),(61,'Samuel Venegas','56988051289',0,NULL,'Valparaiso','5',NULL,NULL,NULL,NULL,NULL,'20180228308',NULL,'Fijo','Praxis',NULL,'20-01-2018','20-02-2018','27-02-2018','9675432976','99567910',NULL,NULL,NULL,NULL,NULL,NULL,NULL,NULL,NULL,'2018-02-28 14:28:41',3,1,7,'2018-02-28 14:28:41',NULL),(62,'Noemi Alvarez','56988051289',0,NULL,'Arica','15',NULL,NULL,NULL,NULL,NULL,'20180230310',NULL,'Fijo','Praxis',NULL,'20-01-2018','20-02-2018','27-02-2018','9675432976',NULL,NULL,NULL,NULL,NULL,NULL,NULL,NULL,NULL,NULL,'2018-02-28 14:28:41',3,1,7,'2018-02-28 14:28:41',NULL),(63,'Rodrigo Mendez','56988051289',0,NULL,'Santiago','13',NULL,NULL,NULL,NULL,NULL,'20180232312',NULL,'Fijo','Praxis',NULL,'20-01-2018','20-02-2018','27-02-2018','9675432976',NULL,NULL,NULL,NULL,NULL,NULL,NULL,NULL,NULL,NULL,'2018-02-28 14:28:41',3,1,7,'2018-02-28 14:28:41',NULL),(64,'Carolina Estevez','56988051289',0,NULL,'San Bernardo','RM',NULL,NULL,NULL,NULL,NULL,'20180234314',NULL,'Fijo','Praxis',NULL,'20-01-2018','20-02-2018','27-02-2018','9675432976',NULL,NULL,NULL,NULL,NULL,NULL,NULL,NULL,NULL,NULL,'2018-02-28 14:28:41',3,1,7,'2018-02-28 14:28:41',NULL),(65,'Laura Andrade','56988051289',6,NULL,'Santiago','13',NULL,NULL,NULL,NULL,NULL,'20180220300',NULL,'Fijo','Praxis',NULL,'20-01-2018','20-02-2018','27-02-2018','9675432976',NULL,NULL,NULL,NULL,NULL,NULL,NULL,NULL,NULL,NULL,'2018-02-28 15:42:21',4,1,7,'2018-02-28 15:42:21',NULL),(66,'Luisa Chavez','56988051289',6,NULL,'La Serena','4',NULL,NULL,NULL,NULL,NULL,'20180222302',NULL,'Fijo','Praxis',NULL,'20-01-2018','20-02-2018','27-02-2018','9675432976',NULL,NULL,NULL,NULL,NULL,NULL,NULL,NULL,NULL,NULL,'2018-02-28 15:42:21',4,1,7,'2018-02-28 15:42:21',NULL),(67,'Maria Perez','56988051289',6,NULL,'Curico','7',NULL,NULL,NULL,NULL,NULL,'20180224304',NULL,'Fijo','Praxis',NULL,'20-01-2018','20-02-2018','27-02-2018','9675432976',NULL,NULL,NULL,NULL,NULL,NULL,NULL,NULL,NULL,NULL,'2018-02-28 15:42:21',4,1,7,'2018-02-28 15:42:21',NULL),(68,'Maria Cruz','56988051289',6,NULL,'Santiago','13',NULL,NULL,NULL,NULL,NULL,'20180226306',NULL,'Fijo','Praxis',NULL,'20-01-2018','20-02-2018','27-02-2018','9675432976','6789546',NULL,NULL,NULL,NULL,NULL,NULL,NULL,NULL,NULL,'2018-02-28 15:42:21',4,1,7,'2018-02-28 15:42:21',NULL),(69,'Samuel Venegas','944455895',6,NULL,'Valparaiso','5',NULL,NULL,NULL,NULL,NULL,'20180228308',NULL,'Fijo','Praxis',NULL,'20-01-2018','20-02-2018','27-02-2018','9675432976','99567910',NULL,NULL,NULL,NULL,NULL,NULL,NULL,NULL,NULL,'2018-02-28 15:42:21',4,1,7,'2018-02-28 15:42:21',NULL),(70,'Luisa Godoy','944455895',6,NULL,'Arica','15',NULL,NULL,NULL,NULL,NULL,'20180230310',NULL,'Fijo','Praxis',NULL,'20-01-2018','20-02-2018','27-02-2018','9675432976',NULL,NULL,NULL,NULL,NULL,NULL,NULL,NULL,NULL,NULL,'2018-02-28 15:42:21',4,1,7,'2018-02-28 15:42:21',NULL),(71,'Pilar Moncada','56988051289',6,NULL,'Santiago','13',NULL,NULL,NULL,NULL,NULL,'20180232312',NULL,'Fijo','Praxis',NULL,'20-01-2018','20-02-2018','27-02-2018','9675432976',NULL,NULL,NULL,NULL,NULL,NULL,NULL,NULL,NULL,NULL,'2018-02-28 15:42:21',4,1,7,'2018-02-28 15:42:21',NULL),(72,'Carolina Estevez','56988051289',6,NULL,'San Bernardo','RM',NULL,NULL,NULL,NULL,NULL,'20180234314',NULL,'Fijo','Praxis',NULL,'20-01-2018','20-02-2018','27-02-2018','9675432976',NULL,NULL,NULL,NULL,NULL,NULL,NULL,NULL,NULL,NULL,'2018-02-28 15:42:21',4,1,7,'2018-02-28 15:42:21',NULL),(73,'Laura Andrade','56988051289',6,NULL,'Santiago','13',NULL,NULL,NULL,NULL,NULL,'20180220300',NULL,'Fijo','Praxis',NULL,'20-01-2018','20-02-2018','27-02-2018','9675432976',NULL,NULL,NULL,NULL,NULL,NULL,NULL,NULL,NULL,NULL,'2018-02-28 15:42:23',4,1,7,'2018-02-28 15:42:23',NULL),(74,'Luisa Chavez','56988051289',6,NULL,'La Serena','4',NULL,NULL,NULL,NULL,NULL,'20180222302',NULL,'Fijo','Praxis',NULL,'20-01-2018','20-02-2018','27-02-2018','9675432976',NULL,NULL,NULL,NULL,NULL,NULL,NULL,NULL,NULL,NULL,'2018-02-28 15:42:23',4,1,7,'2018-02-28 15:42:23',NULL),(75,'Freddy Morales','56988051289',6,NULL,'Curico','7',NULL,NULL,NULL,NULL,NULL,'20180224304',NULL,'Fijo','Praxis',NULL,'20-01-2018','20-02-2018','27-02-2018','9675432976',NULL,NULL,NULL,NULL,NULL,NULL,NULL,NULL,NULL,NULL,'2018-02-28 15:42:23',4,1,7,'2018-02-28 15:42:23',NULL),(76,'Maria Cruz','56988051289',6,NULL,'Santiago','13',NULL,NULL,NULL,NULL,NULL,'20180226306',NULL,'Fijo','Praxis',NULL,'20-01-2018','20-02-2018','27-02-2018','9675432976','6789546',NULL,NULL,NULL,NULL,NULL,NULL,NULL,NULL,NULL,'2018-02-28 15:42:23',4,1,7,'2018-02-28 15:42:23',NULL),(77,'Samuel Venegas','56988051289',6,NULL,'Valparaiso','5',NULL,NULL,NULL,NULL,NULL,'20180228308',NULL,'Fijo','Praxis',NULL,'20-01-2018','20-02-2018','27-02-2018','9675432976','99567910',NULL,NULL,NULL,NULL,NULL,NULL,NULL,NULL,NULL,'2018-02-28 15:42:23',4,1,7,'2018-02-28 15:42:23',NULL),(78,'Alberto Zurita','944455895',6,NULL,'Arica','15',NULL,NULL,NULL,NULL,NULL,'20180230310',NULL,'Fijo','Praxis',NULL,'20-01-2018','20-02-2018','27-02-2018','9675432976',NULL,NULL,NULL,NULL,NULL,NULL,NULL,NULL,NULL,NULL,'2018-02-28 15:42:23',4,1,7,'2018-02-28 15:42:23',NULL),(79,'Rodrigo Mendez','56988051289',6,NULL,'Santiago','13',NULL,NULL,NULL,NULL,NULL,'20180232312',NULL,'Fijo','Praxis',NULL,'20-01-2018','20-02-2018','27-02-2018','9675432976',NULL,NULL,NULL,NULL,NULL,NULL,NULL,NULL,NULL,NULL,'2018-02-28 15:42:23',4,1,7,'2018-02-28 15:42:23',NULL),(80,'Carolina Estevez','56988051289',6,NULL,'San Bernardo','RM',NULL,NULL,NULL,NULL,NULL,'20180234314',NULL,'Fijo','Praxis',NULL,'20-01-2018','20-02-2018','27-02-2018','9675432976',NULL,NULL,NULL,NULL,NULL,NULL,NULL,NULL,NULL,NULL,'2018-02-28 15:42:23',4,1,7,'2018-02-28 15:42:23',NULL),(81,'Esteban Mendez','56988051289',6,NULL,'Santiago','13',NULL,NULL,NULL,NULL,NULL,'20180220300',NULL,'Fijo','Praxis',NULL,'20-01-2018','20-02-2018','27-02-2018','9675432976',NULL,NULL,NULL,NULL,NULL,NULL,NULL,NULL,NULL,NULL,'2018-02-28 15:42:23',4,1,7,'2018-02-28 15:42:23',NULL),(82,'Luisa Chavez','56988051289',6,NULL,'La Serena','4',NULL,NULL,NULL,NULL,NULL,'20180222302',NULL,'Fijo','Praxis',NULL,'20-01-2018','20-02-2018','27-02-2018','9675432976',NULL,NULL,NULL,NULL,NULL,NULL,NULL,NULL,NULL,NULL,'2018-02-28 15:42:23',4,1,7,'2018-02-28 15:42:23',NULL),(83,'Jacinta Errasuriz','56988051289',6,NULL,'Curico','7',NULL,NULL,NULL,NULL,NULL,'20180224304',NULL,'Fijo','Praxis',NULL,'20-01-2018','20-02-2018','27-02-2018','9675432976',NULL,NULL,NULL,NULL,NULL,NULL,NULL,NULL,NULL,NULL,'2018-02-28 15:42:23',4,1,7,'2018-02-28 15:42:23',NULL),(84,'Maria Cruz','56988051289',6,NULL,'Santiago','13',NULL,NULL,NULL,NULL,NULL,'20180226306',NULL,'Fijo','Praxis',NULL,'20-01-2018','20-02-2018','27-02-2018','9675432976','6789546',NULL,NULL,NULL,NULL,NULL,NULL,NULL,NULL,NULL,'2018-02-28 15:42:23',4,1,7,'2018-02-28 15:42:23',NULL),(85,'Samuel Venegas','56988051289',6,NULL,'Valparaiso','5',NULL,NULL,NULL,NULL,NULL,'20180228308',NULL,'Fijo','Praxis',NULL,'20-01-2018','20-02-2018','27-02-2018','9675432976','99567910',NULL,NULL,NULL,NULL,NULL,NULL,NULL,NULL,NULL,'2018-02-28 15:42:23',4,1,7,'2018-02-28 15:42:23',NULL),(86,'Arturo Escarate','56988051289',6,NULL,'Arica','15',NULL,NULL,NULL,NULL,NULL,'20180230310',NULL,'Fijo','Praxis',NULL,'20-01-2018','20-02-2018','27-02-2018','9675432976',NULL,NULL,NULL,NULL,NULL,NULL,NULL,NULL,NULL,NULL,'2018-02-28 15:42:23',4,1,7,'2018-02-28 15:42:23',NULL),(87,'Rodrigo Mendez','56988051289',6,NULL,'Santiago','13',NULL,NULL,NULL,NULL,NULL,'20180232312',NULL,'Fijo','Praxis',NULL,'20-01-2018','20-02-2018','27-02-2018','9675432976',NULL,NULL,NULL,NULL,NULL,NULL,NULL,NULL,NULL,NULL,'2018-02-28 15:42:23',4,1,7,'2018-02-28 15:42:23',NULL),(88,'Carolina Estevez','56988051289',6,NULL,'San Bernardo','RM',NULL,NULL,NULL,NULL,NULL,'20180234314',NULL,'Fijo','Praxis',NULL,'20-01-2018','20-02-2018','27-02-2018','9675432976',NULL,NULL,NULL,NULL,NULL,NULL,NULL,NULL,NULL,NULL,'2018-02-28 15:42:23',4,1,7,'2018-02-28 15:42:23',NULL),(89,'Laura Andrade','56988051289',6,NULL,'Santiago','13',NULL,NULL,NULL,NULL,NULL,'20180220300',NULL,'Fijo','Praxis',NULL,'20-01-2018','20-02-2018','27-02-2018','9675432976',NULL,NULL,NULL,NULL,NULL,NULL,NULL,NULL,NULL,NULL,'2018-02-28 15:42:23',4,1,7,'2018-02-28 15:42:23',NULL),(90,'Luisa Chavez','56988051289',6,NULL,'La Serena','4',NULL,NULL,NULL,NULL,NULL,'20180222302',NULL,'Fijo','Praxis',NULL,'20-01-2018','20-02-2018','27-02-2018','9675432976',NULL,NULL,NULL,NULL,NULL,NULL,NULL,NULL,NULL,NULL,'2018-02-28 15:42:23',4,1,7,'2018-02-28 15:42:23',NULL),(91,'Jacinta Errasuriz','56988051289',6,NULL,'Curico','7',NULL,NULL,NULL,NULL,NULL,'20180224304',NULL,'Fijo','Praxis',NULL,'20-01-2018','20-02-2018','27-02-2018','9675432976',NULL,NULL,NULL,NULL,NULL,NULL,NULL,NULL,NULL,NULL,'2018-02-28 15:42:23',4,1,7,'2018-02-28 15:42:23',NULL),(92,'Maria Cruz','56988051289',6,NULL,'Santiago','13',NULL,NULL,NULL,NULL,NULL,'20180226306',NULL,'Fijo','Praxis',NULL,'20-01-2018','20-02-2018','27-02-2018','9675432976','6789546',NULL,NULL,NULL,NULL,NULL,NULL,NULL,NULL,NULL,'2018-02-28 15:42:23',4,1,7,'2018-02-28 15:42:23',NULL),(93,'Samuel Venegas','56988051289',6,NULL,'Valparaiso','5',NULL,NULL,NULL,NULL,NULL,'20180228308',NULL,'Fijo','Praxis',NULL,'20-01-2018','20-02-2018','27-02-2018','9675432976','99567910',NULL,NULL,NULL,NULL,NULL,NULL,NULL,NULL,NULL,'2018-02-28 15:42:23',4,1,7,'2018-02-28 15:42:23',NULL),(94,'Noemi Alvarez','56988051289',6,NULL,'Arica','15',NULL,NULL,NULL,NULL,NULL,'20180230310',NULL,'Fijo','Praxis',NULL,'20-01-2018','20-02-2018','27-02-2018','9675432976',NULL,NULL,NULL,NULL,NULL,NULL,NULL,NULL,NULL,NULL,'2018-02-28 15:42:23',4,1,7,'2018-02-28 15:42:23',NULL),(95,'Rodrigo Mendez','56988051289',6,NULL,'Santiago','13',NULL,NULL,NULL,NULL,NULL,'20180232312',NULL,'Fijo','Praxis',NULL,'20-01-2018','20-02-2018','27-02-2018','9675432976',NULL,NULL,NULL,NULL,NULL,NULL,NULL,NULL,NULL,NULL,'2018-02-28 15:42:24',4,1,7,'2018-02-28 15:42:24',NULL),(96,'Carolina Estevez','56988051289',6,NULL,'San Bernardo','RM',NULL,NULL,NULL,NULL,NULL,'20180234314',NULL,'Fijo','Praxis',NULL,'20-01-2018','20-02-2018','27-02-2018','9675432976',NULL,NULL,NULL,NULL,NULL,NULL,NULL,NULL,NULL,NULL,'2018-02-28 15:42:24',4,1,7,'2018-02-28 15:42:24',NULL),(97,'Laura Andrade','56988051289',1,NULL,'Santiago','13',NULL,NULL,NULL,NULL,NULL,'20180220300',NULL,'Fijo','Praxis',NULL,'20-01-2018','20-02-2018','27-02-2018','9675432976',NULL,NULL,NULL,NULL,NULL,NULL,NULL,NULL,NULL,NULL,'2018-02-28 16:07:38',5,1,7,'2018-02-28 16:07:38',NULL),(98,'Luisa Chavez','56988051289',1,NULL,'La Serena','4',NULL,NULL,NULL,NULL,NULL,'20180222302',NULL,'Fijo','Praxis',NULL,'20-01-2018','20-02-2018','27-02-2018','9675432976',NULL,NULL,NULL,NULL,NULL,NULL,NULL,NULL,NULL,NULL,'2018-02-28 16:07:38',5,1,7,'2018-02-28 16:07:38',NULL),(99,'Maria Perez','56988051289',1,NULL,'Curico','7',NULL,NULL,NULL,NULL,NULL,'20180224304',NULL,'Fijo','Praxis',NULL,'20-01-2018','20-02-2018','27-02-2018','9675432976',NULL,NULL,NULL,NULL,NULL,NULL,NULL,NULL,NULL,NULL,'2018-02-28 16:07:38',5,1,7,'2018-02-28 16:07:38',NULL),(100,'Maria Cruz','56988051289',1,NULL,'Santiago','13',NULL,NULL,NULL,NULL,NULL,'20180226306',NULL,'Fijo','Praxis',NULL,'20-01-2018','20-02-2018','27-02-2018','9675432976','6789546',NULL,NULL,NULL,NULL,NULL,NULL,NULL,NULL,NULL,'2018-02-28 16:07:38',5,1,7,'2018-02-28 16:07:38',NULL),(101,'Samuel Venegas','944455895',1,NULL,'Valparaiso','5',NULL,NULL,NULL,NULL,NULL,'20180228308',NULL,'Fijo','Praxis',NULL,'20-01-2018','20-02-2018','27-02-2018','9675432976','99567910',NULL,NULL,NULL,NULL,NULL,NULL,NULL,NULL,NULL,'2018-02-28 16:07:38',5,3,10,'2018-02-28 16:08:17',6),(102,'Luisa Godoy','944455895',1,NULL,'Arica','15',NULL,NULL,NULL,NULL,NULL,'20180230310',NULL,'Fijo','Praxis',NULL,'20-01-2018','20-02-2018','27-02-2018','9675432976',NULL,NULL,NULL,NULL,NULL,NULL,NULL,NULL,NULL,NULL,'2018-02-28 16:07:38',5,1,7,'2018-02-28 16:07:38',NULL),(103,'Pilar Moncada','56988051289',1,NULL,'Santiago','13',NULL,NULL,NULL,NULL,NULL,'20180232312',NULL,'Fijo','Praxis',NULL,'20-01-2018','20-02-2018','27-02-2018','9675432976',NULL,NULL,NULL,NULL,NULL,NULL,NULL,NULL,NULL,NULL,'2018-02-28 16:07:38',5,1,7,'2018-02-28 16:07:38',NULL),(104,'Carolina Estevez','56988051289',1,NULL,'San Bernardo','RM',NULL,NULL,NULL,NULL,NULL,'20180234314',NULL,'Fijo','Praxis',NULL,'20-01-2018','20-02-2018','27-02-2018','9675432976',NULL,NULL,NULL,NULL,NULL,NULL,NULL,NULL,NULL,NULL,'2018-02-28 16:07:38',5,1,7,'2018-02-28 16:07:38',NULL),(105,'Laura Andrade','56988051289',1,NULL,'Santiago','13',NULL,NULL,NULL,NULL,NULL,'20180220300',NULL,'Fijo','Praxis',NULL,'20-01-2018','20-02-2018','27-02-2018','9675432976',NULL,NULL,NULL,NULL,NULL,NULL,NULL,NULL,NULL,NULL,'2018-02-28 16:07:38',5,1,7,'2018-02-28 16:07:38',NULL),(106,'Luisa Chavez','56988051289',1,NULL,'La Serena','4',NULL,NULL,NULL,NULL,NULL,'20180222302',NULL,'Fijo','Praxis',NULL,'20-01-2018','20-02-2018','27-02-2018','9675432976',NULL,NULL,NULL,NULL,NULL,NULL,NULL,NULL,NULL,NULL,'2018-02-28 16:07:38',5,1,7,'2018-02-28 16:07:38',NULL),(107,'Freddy Morales','56988051289',1,NULL,'Curico','7',NULL,NULL,NULL,NULL,NULL,'20180224304',NULL,'Fijo','Praxis',NULL,'20-01-2018','20-02-2018','27-02-2018','9675432976',NULL,NULL,NULL,NULL,NULL,NULL,NULL,NULL,NULL,NULL,'2018-02-28 16:07:38',5,1,7,'2018-02-28 16:07:38',NULL),(108,'Maria Cruz','56988051289',1,NULL,'Santiago','13',NULL,NULL,NULL,NULL,NULL,'20180226306',NULL,'Fijo','Praxis',NULL,'20-01-2018','20-02-2018','27-02-2018','9675432976','6789546',NULL,NULL,NULL,NULL,NULL,NULL,NULL,NULL,NULL,'2018-02-28 16:07:38',5,2,1,'2018-03-01 16:42:28',6),(109,'Samuel Venegas','56988051289',1,NULL,'Valparaiso','5',NULL,NULL,NULL,NULL,NULL,'20180228308',NULL,'Fijo','Praxis',NULL,'20-01-2018','20-02-2018','27-02-2018','9675432976','99567910',NULL,NULL,NULL,NULL,NULL,NULL,NULL,NULL,NULL,'2018-02-28 16:07:38',5,1,7,'2018-02-28 16:07:38',NULL),(110,'Alberto Zurita','944455895',1,NULL,'Arica','15',NULL,NULL,NULL,NULL,NULL,'20180230310',NULL,'Fijo','Praxis',NULL,'20-01-2018','20-02-2018','27-02-2018','9675432976',NULL,NULL,NULL,NULL,NULL,NULL,NULL,NULL,NULL,NULL,'2018-02-28 16:07:38',5,1,7,'2018-02-28 16:07:38',NULL),(111,'Rodrigo Mendez','56988051289',1,NULL,'Santiago','13',NULL,NULL,NULL,NULL,NULL,'20180232312',NULL,'Fijo','Praxis',NULL,'20-01-2018','20-02-2018','27-02-2018','9675432976',NULL,NULL,NULL,NULL,NULL,NULL,NULL,NULL,NULL,NULL,'2018-02-28 16:07:38',5,1,7,'2018-02-28 16:07:38',NULL),(112,'Carolina Estevez','56988051289',1,NULL,'San Bernardo','RM',NULL,NULL,NULL,NULL,NULL,'20180234314',NULL,'Fijo','Praxis',NULL,'20-01-2018','20-02-2018','27-02-2018','9675432976',NULL,NULL,NULL,NULL,NULL,NULL,NULL,NULL,NULL,NULL,'2018-02-28 16:07:38',5,1,7,'2018-02-28 16:07:38',NULL),(113,'Esteban Mendez','56988051289',1,NULL,'Santiago','13',NULL,NULL,NULL,NULL,NULL,'20180220300',NULL,'Fijo','Praxis',NULL,'20-01-2018','20-02-2018','27-02-2018','9675432976',NULL,NULL,NULL,NULL,NULL,NULL,NULL,NULL,NULL,NULL,'2018-02-28 16:07:38',5,1,7,'2018-02-28 16:07:38',NULL),(114,'Luisa Chavez','56988051289',1,NULL,'La Serena','4',NULL,NULL,NULL,NULL,NULL,'20180222302',NULL,'Fijo','Praxis',NULL,'20-01-2018','20-02-2018','27-02-2018','9675432976',NULL,NULL,NULL,NULL,NULL,NULL,NULL,NULL,NULL,NULL,'2018-02-28 16:07:38',5,1,7,'2018-02-28 16:07:38',NULL),(115,'Jacinta Errasuriz','56988051289',1,NULL,'Curico','7',NULL,NULL,NULL,NULL,NULL,'20180224304',NULL,'Fijo','Praxis',NULL,'20-01-2018','20-02-2018','27-02-2018','9675432976',NULL,NULL,NULL,NULL,NULL,NULL,NULL,NULL,NULL,NULL,'2018-02-28 16:07:38',5,1,7,'2018-02-28 16:07:38',NULL),(116,'Maria Cruz','56988051289',1,NULL,'Santiago','13',NULL,NULL,NULL,NULL,NULL,'20180226306',NULL,'Fijo','Praxis',NULL,'20-01-2018','20-02-2018','27-02-2018','9675432976','6789546',NULL,NULL,NULL,NULL,NULL,NULL,NULL,NULL,NULL,'2018-02-28 16:07:38',5,1,7,'2018-02-28 16:07:38',NULL),(117,'Samuel Venegas','56988051289',1,NULL,'Valparaiso','5',NULL,NULL,NULL,NULL,NULL,'20180228308',NULL,'Fijo','Praxis',NULL,'20-01-2018','20-02-2018','27-02-2018','9675432976','99567910',NULL,NULL,NULL,NULL,NULL,NULL,NULL,NULL,NULL,'2018-02-28 16:07:38',5,1,7,'2018-02-28 16:07:38',NULL),(118,'Arturo Escarate','56988051289',1,NULL,'Arica','15',NULL,NULL,NULL,NULL,NULL,'20180230310',NULL,'Fijo','Praxis',NULL,'20-01-2018','20-02-2018','27-02-2018','9675432976',NULL,NULL,NULL,NULL,NULL,NULL,NULL,NULL,NULL,NULL,'2018-02-28 16:07:38',5,1,7,'2018-02-28 16:07:38',NULL),(119,'Rodrigo Mendez','56988051289',1,NULL,'Santiago','13',NULL,NULL,NULL,NULL,NULL,'20180232312',NULL,'Fijo','Praxis',NULL,'20-01-2018','20-02-2018','27-02-2018','9675432976',NULL,NULL,NULL,NULL,NULL,NULL,NULL,NULL,NULL,NULL,'2018-02-28 16:07:39',5,1,7,'2018-02-28 16:07:39',NULL),(120,'Carolina Estevez','56988051289',1,NULL,'San Bernardo','RM',NULL,NULL,NULL,NULL,NULL,'20180234314',NULL,'Fijo','Praxis',NULL,'20-01-2018','20-02-2018','27-02-2018','9675432976',NULL,NULL,NULL,NULL,NULL,NULL,NULL,NULL,NULL,NULL,'2018-02-28 16:07:39',5,1,7,'2018-02-28 16:07:39',NULL),(121,'Laura Andrade','56988051289',1,NULL,'Santiago','13',NULL,NULL,NULL,NULL,NULL,'20180220300',NULL,'Fijo','Praxis',NULL,'20-01-2018','20-02-2018','27-02-2018','9675432976',NULL,NULL,NULL,NULL,NULL,NULL,NULL,NULL,NULL,NULL,'2018-02-28 16:07:39',5,1,7,'2018-02-28 16:07:39',NULL),(122,'Luisa Chavez','56988051289',1,NULL,'La Serena','4',NULL,NULL,NULL,NULL,NULL,'20180222302',NULL,'Fijo','Praxis',NULL,'20-01-2018','20-02-2018','27-02-2018','9675432976',NULL,NULL,NULL,NULL,NULL,NULL,NULL,NULL,NULL,NULL,'2018-02-28 16:07:39',5,1,7,'2018-02-28 16:07:39',NULL),(123,'Jacinta Errasuriz','56988051289',1,NULL,'Curico','7',NULL,NULL,NULL,NULL,NULL,'20180224304',NULL,'Fijo','Praxis',NULL,'20-01-2018','20-02-2018','27-02-2018','9675432976',NULL,NULL,NULL,NULL,NULL,NULL,NULL,NULL,NULL,NULL,'2018-02-28 16:07:39',5,1,7,'2018-02-28 16:07:39',NULL),(124,'Maria Cruz','56988051289',1,NULL,'Santiago','13',NULL,NULL,NULL,NULL,NULL,'20180226306',NULL,'Fijo','Praxis',NULL,'20-01-2018','20-02-2018','27-02-2018','9675432976','6789546',NULL,NULL,NULL,NULL,NULL,NULL,NULL,NULL,NULL,'2018-02-28 16:07:39',5,1,7,'2018-02-28 16:07:39',NULL),(125,'Samuel Venegas','56988051289',1,NULL,'Valparaiso','5',NULL,NULL,NULL,NULL,NULL,'20180228308',NULL,'Fijo','Praxis',NULL,'20-01-2018','20-02-2018','27-02-2018','9675432976','99567910',NULL,NULL,NULL,NULL,NULL,NULL,NULL,NULL,NULL,'2018-02-28 16:07:39',5,1,7,'2018-02-28 16:07:39',NULL),(126,'Noemi Alvarez','56988051289',1,NULL,'Arica','15',NULL,NULL,NULL,NULL,NULL,'20180230310',NULL,'Fijo','Praxis',NULL,'20-01-2018','20-02-2018','27-02-2018','9675432976',NULL,NULL,NULL,NULL,NULL,NULL,NULL,NULL,NULL,NULL,'2018-02-28 16:07:39',5,1,7,'2018-02-28 16:07:39',NULL),(127,'Rodrigo Mendez','56988051289',1,NULL,'Santiago','13',NULL,NULL,NULL,NULL,NULL,'20180232312',NULL,'Fijo','Praxis',NULL,'20-01-2018','20-02-2018','27-02-2018','9675432976',NULL,NULL,NULL,NULL,NULL,NULL,NULL,NULL,NULL,NULL,'2018-02-28 16:07:39',5,1,7,'2018-02-28 16:07:39',NULL),(128,'Carolina Estevez','56988051289',1,NULL,'San Bernardo','RM',NULL,NULL,NULL,NULL,NULL,'20180234314',NULL,'Fijo','Praxis',NULL,'20-01-2018','20-02-2018','27-02-2018','9675432976',NULL,NULL,NULL,NULL,NULL,NULL,NULL,NULL,NULL,NULL,'2018-02-28 16:07:39',5,1,7,'2018-02-28 16:07:39',NULL);
/*!40000 ALTER TABLE `contactos` ENABLE KEYS */;
UNLOCK TABLES;

--
-- Table structure for table `encuestas`
--

DROP TABLE IF EXISTS `encuestas`;
/*!40101 SET @saved_cs_client     = @@character_set_client */;
/*!40101 SET character_set_client = utf8 */;
CREATE TABLE `encuestas` (
  `id` int(11) NOT NULL AUTO_INCREMENT,
  `nombre` varchar(100) NOT NULL,
  `link` varchar(100) NOT NULL,
  `status` tinyint(4) NOT NULL,
  `created_at` datetime DEFAULT NULL,
  `updated_at` datetime DEFAULT NULL,
  `campaign_id` int(11) NOT NULL,
  `tipo` int(11) NOT NULL,
  PRIMARY KEY (`id`)
) ENGINE=InnoDB AUTO_INCREMENT=7 DEFAULT CHARSET=utf8;
/*!40101 SET character_set_client = @saved_cs_client */;

--
-- Dumping data for table `encuestas`
--

LOCK TABLES `encuestas` WRITE;
/*!40000 ALTER TABLE `encuestas` DISABLE KEYS */;
INSERT INTO `encuestas` VALUES (1,'Melon Hormigones Mensajeria','http://localhost:8080/prueba-lime/limesurvey/index.php/998811?lang=es-CL',1,'2017-12-04 13:13:31','2017-12-04 15:31:17',1,1),(2,'Nueva encuesta','http://localhost:8080/prueba-lime/limesurvey/index.php/998811?lang=es-CL',2,'2017-12-05 13:09:56','2017-12-05 13:09:56',1,1),(3,'Otra encuesta','http://localhost:8080/prueba-lime/limesurvey/index.php/998811?lang=es-CL',2,'2017-12-05 13:10:54','2018-03-02 13:14:43',1,1),(4,'Proyectos Easy','http://localhost:8080/limesurvey/index.php/318492?lang=es-CL',1,'2017-12-06 17:50:46','2018-03-02 12:38:35',2,1),(6,'Premio Permanencia','http://localhost:8080/prueba-lime/limesurvey/index.php/764876?lang=es-CL',1,'2018-02-20 09:46:44','2018-03-02 17:49:06',4,2);
/*!40000 ALTER TABLE `encuestas` ENABLE KEYS */;
UNLOCK TABLES;

--
-- Table structure for table `encuestas_usuarios`
--

DROP TABLE IF EXISTS `encuestas_usuarios`;
/*!40101 SET @saved_cs_client     = @@character_set_client */;
/*!40101 SET character_set_client = utf8 */;
CREATE TABLE `encuestas_usuarios` (
  `id` int(11) NOT NULL AUTO_INCREMENT,
  `encuesta_id` int(11) NOT NULL,
  `usuario_id` int(11) NOT NULL,
  PRIMARY KEY (`id`)
) ENGINE=InnoDB AUTO_INCREMENT=7 DEFAULT CHARSET=utf8;
/*!40101 SET character_set_client = @saved_cs_client */;

--
-- Dumping data for table `encuestas_usuarios`
--

LOCK TABLES `encuestas_usuarios` WRITE;
/*!40000 ALTER TABLE `encuestas_usuarios` DISABLE KEYS */;
INSERT INTO `encuestas_usuarios` VALUES (1,4,5),(2,4,6),(3,6,5),(4,1,6),(5,4,7),(6,3,6);
/*!40000 ALTER TABLE `encuestas_usuarios` ENABLE KEYS */;
UNLOCK TABLES;

--
-- Table structure for table `estado_contactos`
--

DROP TABLE IF EXISTS `estado_contactos`;
/*!40101 SET @saved_cs_client     = @@character_set_client */;
/*!40101 SET character_set_client = utf8 */;
CREATE TABLE `estado_contactos` (
  `id` int(11) NOT NULL AUTO_INCREMENT,
  `nombre` varchar(50) NOT NULL,
  PRIMARY KEY (`id`)
) ENGINE=InnoDB AUTO_INCREMENT=4 DEFAULT CHARSET=utf8;
/*!40101 SET character_set_client = @saved_cs_client */;

--
-- Dumping data for table `estado_contactos`
--

LOCK TABLES `estado_contactos` WRITE;
/*!40000 ALTER TABLE `estado_contactos` DISABLE KEYS */;
INSERT INTO `estado_contactos` VALUES (1,'Disponible'),(2,'No Disponible'),(3,'Volver a llamar');
/*!40000 ALTER TABLE `estado_contactos` ENABLE KEYS */;
UNLOCK TABLES;

--
-- Table structure for table `estado_llamadas`
--

DROP TABLE IF EXISTS `estado_llamadas`;
/*!40101 SET @saved_cs_client     = @@character_set_client */;
/*!40101 SET character_set_client = utf8 */;
CREATE TABLE `estado_llamadas` (
  `id` int(11) NOT NULL AUTO_INCREMENT,
  `nombre` varchar(50) NOT NULL,
  `estado_contacto` int(11) NOT NULL,
  PRIMARY KEY (`id`)
) ENGINE=InnoDB AUTO_INCREMENT=20 DEFAULT CHARSET=utf8;
/*!40101 SET character_set_client = @saved_cs_client */;

--
-- Dumping data for table `estado_llamadas`
--

LOCK TABLES `estado_llamadas` WRITE;
/*!40000 ALTER TABLE `estado_llamadas` DISABLE KEYS */;
INSERT INTO `estado_llamadas` VALUES (1,'Encuestado',2),(2,'No Contesta',1),(3,'Buzón de Voz',0),(4,'Número Equivocado',2),(5,'Número No Existe',2),(6,'No Desea Contestar',2),(7,'No Contactado',1),(8,'Número Ocupado',1),(9,'Corte en Gestión/Mala Comunicación',1),(10,'No Tiene Tiempo',3),(11,'Ya Fue Encuestado',2),(12,'No Tiene Servicio a Encuestar',2),(13,'Cliente Molesto Corta',2),(14,'Se Toma Nuevo Número',3),(15,'Llamar Mas Tarde/Otro Día',3),(16,'Cliente Pide Que No Le Llamen',2),(17,'No Se Encuentra',3),(18,'Mala Comunicación',1),(19,'Número Fuera de Servicio',2);
/*!40000 ALTER TABLE `estado_llamadas` ENABLE KEYS */;
UNLOCK TABLES;

--
-- Table structure for table `roles`
--

DROP TABLE IF EXISTS `roles`;
/*!40101 SET @saved_cs_client     = @@character_set_client */;
/*!40101 SET character_set_client = utf8 */;
CREATE TABLE `roles` (
  `id` int(11) NOT NULL AUTO_INCREMENT,
  `nombre` varchar(50) NOT NULL,
  PRIMARY KEY (`id`)
) ENGINE=InnoDB AUTO_INCREMENT=4 DEFAULT CHARSET=utf8;
/*!40101 SET character_set_client = @saved_cs_client */;

--
-- Dumping data for table `roles`
--

LOCK TABLES `roles` WRITE;
/*!40000 ALTER TABLE `roles` DISABLE KEYS */;
INSERT INTO `roles` VALUES (1,'Administrador'),(2,'Ejecutivo'),(3,'Supervisor');
/*!40000 ALTER TABLE `roles` ENABLE KEYS */;
UNLOCK TABLES;

--
-- Table structure for table `usuarios`
--

DROP TABLE IF EXISTS `usuarios`;
/*!40101 SET @saved_cs_client     = @@character_set_client */;
/*!40101 SET character_set_client = utf8 */;
CREATE TABLE `usuarios` (
  `id` int(11) NOT NULL AUTO_INCREMENT,
  `nombre` varchar(100) NOT NULL,
  `email` varchar(100) NOT NULL,
  `clave` varchar(255) NOT NULL,
  `created_at` datetime DEFAULT NULL,
  `updated_at` datetime DEFAULT NULL,
  `role_id` int(11) NOT NULL,
  PRIMARY KEY (`id`)
) ENGINE=InnoDB AUTO_INCREMENT=9 DEFAULT CHARSET=utf8;
/*!40101 SET character_set_client = @saved_cs_client */;

--
-- Dumping data for table `usuarios`
--

LOCK TABLES `usuarios` WRITE;
/*!40000 ALTER TABLE `usuarios` DISABLE KEYS */;
INSERT INTO `usuarios` VALUES (1,'Segundo Galdames H.','segundogaldames@gmail.com','930fa2faf4ebaf4f5d4b6650d0f8dc8b725a8206','2017-11-30 10:46:08','2017-11-30 17:27:21',1),(3,'Stephanie Henriquez','shenriquez@metasolutions.cl','930fa2faf4ebaf4f5d4b6650d0f8dc8b725a8206','2017-11-30 12:37:24','2017-11-30 12:37:24',3),(4,'Kathy Kuhn','kkuhn@metaservicios.cl','930fa2faf4ebaf4f5d4b6650d0f8dc8b725a8206','2017-11-30 13:11:03','2018-02-22 17:17:10',1),(5,'Javier Martinez Ayala','jmartineza@gmail.com','930fa2faf4ebaf4f5d4b6650d0f8dc8b725a8206','2017-11-30 13:14:38','2018-02-23 13:21:27',2),(6,'Segundo Galdames H.','sgaldames@metasolutions.cl','930fa2faf4ebaf4f5d4b6650d0f8dc8b725a8206','2017-12-05 12:55:36','2017-12-05 12:55:36',2),(7,'Pedro Morales','pmorales@gmail.com','930fa2faf4ebaf4f5d4b6650d0f8dc8b725a8206','2018-02-28 17:55:14','2018-02-28 17:55:14',2),(8,'Maria Jose Maldonado','mmaldonado@metasolutions.cl','930fa2faf4ebaf4f5d4b6650d0f8dc8b725a8206','2018-03-01 12:15:04','2018-03-01 12:15:04',2);
/*!40000 ALTER TABLE `usuarios` ENABLE KEYS */;
UNLOCK TABLES;
/*!40103 SET TIME_ZONE=@OLD_TIME_ZONE */;

/*!40101 SET SQL_MODE=@OLD_SQL_MODE */;
/*!40014 SET FOREIGN_KEY_CHECKS=@OLD_FOREIGN_KEY_CHECKS */;
/*!40014 SET UNIQUE_CHECKS=@OLD_UNIQUE_CHECKS */;
/*!40101 SET CHARACTER_SET_CLIENT=@OLD_CHARACTER_SET_CLIENT */;
/*!40101 SET CHARACTER_SET_RESULTS=@OLD_CHARACTER_SET_RESULTS */;
/*!40101 SET COLLATION_CONNECTION=@OLD_COLLATION_CONNECTION */;
/*!40111 SET SQL_NOTES=@OLD_SQL_NOTES */;

-- Dump completed on 2018-03-02 18:41:54
