-- MySQL dump 10.13  Distrib 5.5.59, for debian-linux-gnu (x86_64)
--
-- Host: localhost    Database: prueba_lime
-- ------------------------------------------------------
-- Server version	5.5.59-0ubuntu0.14.04.1

/*!40101 SET @OLD_CHARACTER_SET_CLIENT=@@CHARACTER_SET_CLIENT */;
/*!40101 SET @OLD_CHARACTER_SET_RESULTS=@@CHARACTER_SET_RESULTS */;
/*!40101 SET @OLD_COLLATION_CONNECTION=@@COLLATION_CONNECTION */;
/*!40101 SET NAMES utf8 */;
/*!40103 SET @OLD_TIME_ZONE=@@TIME_ZONE */;
/*!40103 SET TIME_ZONE='+00:00' */;
/*!40014 SET @OLD_UNIQUE_CHECKS=@@UNIQUE_CHECKS, UNIQUE_CHECKS=0 */;
/*!40014 SET @OLD_FOREIGN_KEY_CHECKS=@@FOREIGN_KEY_CHECKS, FOREIGN_KEY_CHECKS=0 */;
/*!40101 SET @OLD_SQL_MODE=@@SQL_MODE, SQL_MODE='NO_AUTO_VALUE_ON_ZERO' */;
/*!40111 SET @OLD_SQL_NOTES=@@SQL_NOTES, SQL_NOTES=0 */;

--
-- Table structure for table `campaign`
--

DROP TABLE IF EXISTS `campaign`;
/*!40101 SET @saved_cs_client     = @@character_set_client */;
/*!40101 SET character_set_client = utf8 */;
CREATE TABLE `campaign` (
  `id` int(11) NOT NULL AUTO_INCREMENT,
  `nombre` varchar(100) NOT NULL,
  `cliente_id` int(11) NOT NULL,
  `cod_vicidial_id` varchar(50) DEFAULT NULL,
  PRIMARY KEY (`id`)
) ENGINE=InnoDB AUTO_INCREMENT=5 DEFAULT CHARSET=utf8;
/*!40101 SET character_set_client = @saved_cs_client */;

--
-- Dumping data for table `campaign`
--

LOCK TABLES `campaign` WRITE;
/*!40000 ALTER TABLE `campaign` DISABLE KEYS */;
INSERT INTO `campaign` VALUES (1,'Melon Hormigones',1,'010034001'),(2,'Proyectos Easy',2,NULL),(4,'Auditoria Cencosud',3,'0123456');
/*!40000 ALTER TABLE `campaign` ENABLE KEYS */;
UNLOCK TABLES;

--
-- Table structure for table `cargas`
--

DROP TABLE IF EXISTS `cargas`;
/*!40101 SET @saved_cs_client     = @@character_set_client */;
/*!40101 SET character_set_client = utf8 */;
CREATE TABLE `cargas` (
  `id` int(11) NOT NULL AUTO_INCREMENT,
  `usuario_id` int(11) NOT NULL,
  `created_at` datetime DEFAULT NULL,
  `estado` int(11) NOT NULL,
  `modified_at` datetime DEFAULT NULL,
  PRIMARY KEY (`id`)
) ENGINE=InnoDB AUTO_INCREMENT=7 DEFAULT CHARSET=utf8;
/*!40101 SET character_set_client = @saved_cs_client */;

--
-- Dumping data for table `cargas`
--

LOCK TABLES `cargas` WRITE;
/*!40000 ALTER TABLE `cargas` DISABLE KEYS */;
INSERT INTO `cargas` VALUES (2,1,'2018-02-21 10:12:41',2,'2018-02-23 11:21:28'),(3,1,'2018-02-21 13:26:24',1,NULL),(4,1,'2018-02-23 10:13:04',1,NULL),(5,1,'2018-02-23 10:13:47',1,NULL),(6,1,'2018-02-26 17:01:32',1,'2018-02-26 17:01:32');
/*!40000 ALTER TABLE `cargas` ENABLE KEYS */;
UNLOCK TABLES;

--
-- Table structure for table `clientes`
--

DROP TABLE IF EXISTS `clientes`;
/*!40101 SET @saved_cs_client     = @@character_set_client */;
/*!40101 SET character_set_client = utf8 */;
CREATE TABLE `clientes` (
  `id` int(11) NOT NULL AUTO_INCREMENT,
  `nombre` varchar(100) NOT NULL,
  `created_at` datetime DEFAULT NULL,
  `updated_at` datetime DEFAULT NULL,
  PRIMARY KEY (`id`)
) ENGINE=InnoDB AUTO_INCREMENT=4 DEFAULT CHARSET=utf8;
/*!40101 SET character_set_client = @saved_cs_client */;

--
-- Dumping data for table `clientes`
--

LOCK TABLES `clientes` WRITE;
/*!40000 ALTER TABLE `clientes` DISABLE KEYS */;
INSERT INTO `clientes` VALUES (1,'Praxis','2017-12-01 11:36:34','2017-12-01 11:36:34'),(2,'Easy','2017-12-04 08:11:08','2017-12-04 08:11:08'),(3,'Cencosud','2018-02-20 09:43:54','2018-02-20 09:43:54');
/*!40000 ALTER TABLE `clientes` ENABLE KEYS */;
UNLOCK TABLES;

--
-- Table structure for table `contactos`
--

DROP TABLE IF EXISTS `contactos`;
/*!40101 SET @saved_cs_client     = @@character_set_client */;
/*!40101 SET character_set_client = utf8 */;
CREATE TABLE `contactos` (
  `id` int(11) NOT NULL AUTO_INCREMENT,
  `nombre` varchar(200) NOT NULL,
  `telefono` varchar(20) NOT NULL,
  `encuesta` int(11) NOT NULL,
  `rut` varchar(20) DEFAULT NULL,
  `comuna` varchar(100) DEFAULT NULL,
  `region` varchar(100) DEFAULT NULL,
  `empresa` varchar(200) DEFAULT NULL,
  `email` varchar(100) DEFAULT NULL,
  `direccion` varchar(255) DEFAULT NULL,
  `profesion` varchar(200) DEFAULT NULL,
  `edad` varchar(10) DEFAULT NULL,
  `codigo` varchar(20) DEFAULT NULL,
  `tienda` varchar(100) DEFAULT NULL,
  `dato1` varchar(255) DEFAULT NULL,
  `dato2` varchar(255) DEFAULT NULL,
  `dato3` varchar(255) DEFAULT NULL,
  `fecha1` varchar(100) DEFAULT NULL,
  `fecha2` varchar(20) DEFAULT NULL,
  `fecha3` varchar(20) DEFAULT NULL,
  `telefono2` varchar(20) DEFAULT NULL,
  `telefono3` varchar(20) DEFAULT NULL,
  `telefono4` varchar(20) DEFAULT NULL,
  `telefono5` varchar(20) DEFAULT NULL,
  `telefono6` varchar(20) DEFAULT NULL,
  `telefono7` varchar(20) DEFAULT NULL,
  `telefono8` varchar(20) DEFAULT NULL,
  `telefono9` varchar(20) DEFAULT NULL,
  `telefono10` varchar(20) DEFAULT NULL,
  `criterio1` varchar(255) DEFAULT NULL,
  `criterio2` varchar(255) DEFAULT NULL,
  `created_at` datetime DEFAULT NULL,
  `num_carga` int(11) NOT NULL,
  `estado_contacto` int(11) NOT NULL,
  `estado_llamada` int(11) NOT NULL,
  `modified_at` datetime DEFAULT NULL,
  PRIMARY KEY (`id`)
) ENGINE=InnoDB AUTO_INCREMENT=201 DEFAULT CHARSET=utf8;
/*!40101 SET character_set_client = @saved_cs_client */;

--
-- Dumping data for table `contactos`
--

LOCK TABLES `contactos` WRITE;
/*!40000 ALTER TABLE `contactos` DISABLE KEYS */;
INSERT INTO `contactos` VALUES (9,'Laura Andrade','56988051289',1,NULL,'Santiago','13',NULL,NULL,NULL,NULL,NULL,'20180220300',NULL,'Fijo','Praxis',NULL,'20-01-2018','20-02-2018','20-02-2018','9675432976',NULL,NULL,NULL,NULL,NULL,NULL,NULL,NULL,NULL,NULL,'2018-02-21 10:12:41',2,1,7,'2018-02-21 14:11:48'),(10,'Luisa Chavez','56988051289',1,NULL,'La Serena','4',NULL,NULL,NULL,NULL,NULL,'20180222302',NULL,'Fijo','Praxis',NULL,'20-01-2018','20-02-2018','20-02-2018','9675432976',NULL,NULL,NULL,NULL,NULL,NULL,NULL,NULL,NULL,NULL,'2018-02-21 10:12:41',2,1,7,'2018-02-21 14:11:48'),(11,'Jacinta Errasuriz','56988051289',1,NULL,'Curico','7',NULL,NULL,NULL,NULL,NULL,'20180224304',NULL,'Fijo','Praxis',NULL,'20-01-2018','20-02-2018','20-02-2018','9675432976',NULL,NULL,NULL,NULL,NULL,NULL,NULL,NULL,NULL,NULL,'2018-02-21 10:12:42',2,1,7,'2018-02-21 14:11:48'),(12,'Maria Cruz','56988051289',1,NULL,'Santiago','13',NULL,NULL,NULL,NULL,NULL,'20180226306',NULL,'Fijo','Praxis',NULL,'20-01-2018','20-02-2018','20-02-2018','9675432976','6789546',NULL,NULL,NULL,NULL,NULL,NULL,NULL,NULL,NULL,'2018-02-21 10:12:42',2,1,7,'2018-02-21 14:11:48'),(13,'Samuel Venegas','56988051289',1,NULL,'Valparaiso','5',NULL,NULL,NULL,NULL,NULL,'20180228308',NULL,'Fijo','Praxis',NULL,'20-01-2018','20-02-2018','20-02-2018','9675432976','99567910',NULL,NULL,NULL,NULL,NULL,NULL,NULL,NULL,NULL,'2018-02-21 10:12:42',2,1,7,'2018-02-21 14:11:48'),(14,'Noemi Alvarez','56988051289',1,NULL,'Arica','15',NULL,NULL,NULL,NULL,NULL,'20180230310',NULL,'Fijo','Praxis',NULL,'20-01-2018','20-02-2018','20-02-2018','9675432976',NULL,NULL,NULL,NULL,NULL,NULL,NULL,NULL,NULL,NULL,'2018-02-21 10:12:42',2,1,7,'2018-02-21 14:11:48'),(15,'Rodrigo Mendez','56988051289',1,NULL,'Santiago','13',NULL,NULL,NULL,NULL,NULL,'20180232312',NULL,'Fijo','Praxis',NULL,'20-01-2018','20-02-2018','20-02-2018','9675432976',NULL,NULL,NULL,NULL,NULL,NULL,NULL,NULL,NULL,NULL,'2018-02-21 10:12:42',2,1,7,'2018-02-21 14:11:48'),(16,'Carolina Estevez','56988051289',1,NULL,'San Bernardo','RM',NULL,NULL,NULL,NULL,NULL,'20180234314',NULL,'Fijo','Praxis',NULL,'20-01-2018','20-02-2018','20-02-2018','9675432976',NULL,NULL,NULL,NULL,NULL,NULL,NULL,NULL,NULL,NULL,'2018-02-21 10:12:42',2,1,7,'2018-02-21 14:11:48'),(17,'Laura Andrade','56988051289',1,NULL,'Santiago','13',NULL,NULL,NULL,NULL,NULL,'20180220300',NULL,'Fijo','Praxis',NULL,'20-01-2018','20-02-2018','20-02-2018','9675432976',NULL,NULL,NULL,NULL,NULL,NULL,NULL,NULL,NULL,NULL,'2018-02-21 13:26:25',3,2,1,'2018-02-21 14:12:27'),(18,'Luisa Chavez','56988051289',1,NULL,'La Serena','4',NULL,NULL,NULL,NULL,NULL,'20180222302',NULL,'Fijo','Praxis',NULL,'20-01-2018','20-02-2018','20-02-2018','9675432976',NULL,NULL,NULL,NULL,NULL,NULL,NULL,NULL,NULL,NULL,'2018-02-21 13:26:25',3,1,7,'2018-02-21 14:11:48'),(19,'Jacinta Errasuriz','56988051289',1,NULL,'Curico','7',NULL,NULL,NULL,NULL,NULL,'20180224304',NULL,'Fijo','Praxis',NULL,'20-01-2018','20-02-2018','20-02-2018','9675432976',NULL,NULL,NULL,NULL,NULL,NULL,NULL,NULL,NULL,NULL,'2018-02-21 13:26:25',3,1,7,'2018-02-21 14:11:48'),(20,'Maria Cruz','56988051289',1,NULL,'Santiago','13',NULL,NULL,NULL,NULL,NULL,'20180226306',NULL,'Fijo','Praxis',NULL,'20-01-2018','20-02-2018','20-02-2018','9675432976','6789546',NULL,NULL,NULL,NULL,NULL,NULL,NULL,NULL,NULL,'2018-02-21 13:26:25',3,1,7,'2018-02-21 14:11:48'),(21,'Samuel Venegas','56988051289',1,NULL,'Valparaiso','5',NULL,NULL,NULL,NULL,NULL,'20180228308',NULL,'Fijo','Praxis',NULL,'20-01-2018','20-02-2018','20-02-2018','9675432976','99567910',NULL,NULL,NULL,NULL,NULL,NULL,NULL,NULL,NULL,'2018-02-21 13:26:25',3,2,2,'2018-02-21 17:06:47'),(22,'Noemi Alvarez','56988051289',1,NULL,'Arica','15',NULL,NULL,NULL,NULL,NULL,'20180230310',NULL,'Fijo','Praxis',NULL,'20-01-2018','20-02-2018','20-02-2018','9675432976',NULL,NULL,NULL,NULL,NULL,NULL,NULL,NULL,NULL,NULL,'2018-02-21 13:26:25',3,1,7,'2018-02-21 14:11:48'),(23,'Rodrigo Mendez','56988051289',1,NULL,'Santiago','13',NULL,NULL,NULL,NULL,NULL,'20180232312',NULL,'Fijo','Praxis',NULL,'20-01-2018','20-02-2018','20-02-2018','9675432976',NULL,NULL,NULL,NULL,NULL,NULL,NULL,NULL,NULL,NULL,'2018-02-21 13:26:25',3,1,7,'2018-02-21 14:11:48'),(24,'Carolina Estevez','56988051289',1,NULL,'San Bernardo','RM',NULL,NULL,NULL,NULL,NULL,'20180234314',NULL,'Fijo','Praxis',NULL,'20-01-2018','20-02-2018','20-02-2018','9675432976',NULL,NULL,NULL,NULL,NULL,NULL,NULL,NULL,NULL,NULL,'2018-02-21 13:26:25',3,1,7,'2018-02-21 14:11:48'),(25,'Laura Andrade','56988051289',4,NULL,'Santiago','13',NULL,NULL,NULL,NULL,NULL,'20180220300',NULL,'Fijo','Praxis',NULL,'20-01-2018','20-02-2018','22-02-2018','9675432976',NULL,NULL,NULL,NULL,NULL,NULL,NULL,NULL,NULL,NULL,'2018-02-23 10:13:04',4,1,7,'2018-02-23 10:13:04'),(26,'Luisa Chavez','56988051289',4,NULL,'La Serena','4',NULL,NULL,NULL,NULL,NULL,'20180222302',NULL,'Fijo','Praxis',NULL,'20-01-2018','20-02-2018','22-02-2018','9675432976',NULL,NULL,NULL,NULL,NULL,NULL,NULL,NULL,NULL,NULL,'2018-02-23 10:13:05',4,1,7,'2018-02-23 10:13:05'),(27,'Jacinta Errasuriz','56988051289',4,NULL,'Curico','7',NULL,NULL,NULL,NULL,NULL,'20180224304',NULL,'Fijo','Praxis',NULL,'20-01-2018','20-02-2018','22-02-2018','9675432976',NULL,NULL,NULL,NULL,NULL,NULL,NULL,NULL,NULL,NULL,'2018-02-23 10:13:05',4,1,7,'2018-02-23 10:13:05'),(28,'Maria Cruz','56988051289',4,NULL,'Santiago','13',NULL,NULL,NULL,NULL,NULL,'20180226306',NULL,'Fijo','Praxis',NULL,'20-01-2018','20-02-2018','22-02-2018','9675432976','6789546',NULL,NULL,NULL,NULL,NULL,NULL,NULL,NULL,NULL,'2018-02-23 10:13:05',4,1,7,'2018-02-23 10:13:05'),(29,'Samuel Venegas','56988051289',4,NULL,'Valparaiso','5',NULL,NULL,NULL,NULL,NULL,'20180228308',NULL,'Fijo','Praxis',NULL,'20-01-2018','20-02-2018','22-02-2018','9675432976','99567910',NULL,NULL,NULL,NULL,NULL,NULL,NULL,NULL,NULL,'2018-02-23 10:13:05',4,1,7,'2018-02-23 10:13:05'),(30,'Noemi Alvarez','56988051289',4,NULL,'Arica','15',NULL,NULL,NULL,NULL,NULL,'20180230310',NULL,'Fijo','Praxis',NULL,'20-01-2018','20-02-2018','22-02-2018','9675432976',NULL,NULL,NULL,NULL,NULL,NULL,NULL,NULL,NULL,NULL,'2018-02-23 10:13:05',4,1,7,'2018-02-23 10:13:05'),(31,'Rodrigo Mendez','56988051289',4,NULL,'Santiago','13',NULL,NULL,NULL,NULL,NULL,'20180232312',NULL,'Fijo','Praxis',NULL,'20-01-2018','20-02-2018','22-02-2018','9675432976',NULL,NULL,NULL,NULL,NULL,NULL,NULL,NULL,NULL,NULL,'2018-02-23 10:13:05',4,1,7,'2018-02-23 10:13:05'),(32,'Carolina Estevez','56988051289',4,NULL,'San Bernardo','RM',NULL,NULL,NULL,NULL,NULL,'20180234314',NULL,'Fijo','Praxis',NULL,'20-01-2018','20-02-2018','22-02-2018','9675432976',NULL,NULL,NULL,NULL,NULL,NULL,NULL,NULL,NULL,NULL,'2018-02-23 10:13:05',4,1,7,'2018-02-23 10:13:05'),(33,'Laura Andrade','56988051289',6,NULL,'Santiago','13',NULL,NULL,NULL,NULL,NULL,'20180220300',NULL,'Fijo','Praxis',NULL,'20-01-2018','20-02-2018','22-02-2018','9675432976',NULL,NULL,NULL,NULL,NULL,NULL,NULL,NULL,NULL,NULL,'2018-02-23 10:13:47',5,1,7,'2018-02-23 10:13:47'),(34,'Luisa Chavez','56988051289',6,NULL,'La Serena','4',NULL,NULL,NULL,NULL,NULL,'20180222302',NULL,'Fijo','Praxis',NULL,'20-01-2018','20-02-2018','22-02-2018','9675432976',NULL,NULL,NULL,NULL,NULL,NULL,NULL,NULL,NULL,NULL,'2018-02-23 10:13:47',5,1,7,'2018-02-23 10:13:47'),(35,'Jacinta Errasuriz','56988051289',6,NULL,'Curico','7',NULL,NULL,NULL,NULL,NULL,'20180224304',NULL,'Fijo','Praxis',NULL,'20-01-2018','20-02-2018','22-02-2018','9675432976',NULL,NULL,NULL,NULL,NULL,NULL,NULL,NULL,NULL,NULL,'2018-02-23 10:13:47',5,1,7,'2018-02-23 10:13:47'),(36,'Maria Cruz','56988051289',6,NULL,'Santiago','13',NULL,NULL,NULL,NULL,NULL,'20180226306',NULL,'Fijo','Praxis',NULL,'20-01-2018','20-02-2018','22-02-2018','9675432976','6789546',NULL,NULL,NULL,NULL,NULL,NULL,NULL,NULL,NULL,'2018-02-23 10:13:47',5,1,7,'2018-02-23 10:13:47'),(37,'Samuel Venegas','56988051289',6,NULL,'Valparaiso','5',NULL,NULL,NULL,NULL,NULL,'20180228308',NULL,'Fijo','Praxis',NULL,'20-01-2018','20-02-2018','22-02-2018','9675432976','99567910',NULL,NULL,NULL,NULL,NULL,NULL,NULL,NULL,NULL,'2018-02-23 10:13:47',5,1,7,'2018-02-23 10:13:47'),(38,'Noemi Alvarez','56988051289',6,NULL,'Arica','15',NULL,NULL,NULL,NULL,NULL,'20180230310',NULL,'Fijo','Praxis',NULL,'20-01-2018','20-02-2018','22-02-2018','9675432976',NULL,NULL,NULL,NULL,NULL,NULL,NULL,NULL,NULL,NULL,'2018-02-23 10:13:47',5,1,7,'2018-02-23 10:13:47'),(39,'Rodrigo Mendez','56988051289',6,NULL,'Santiago','13',NULL,NULL,NULL,NULL,NULL,'20180232312',NULL,'Fijo','Praxis',NULL,'20-01-2018','20-02-2018','22-02-2018','9675432976',NULL,NULL,NULL,NULL,NULL,NULL,NULL,NULL,NULL,NULL,'2018-02-23 10:13:47',5,1,7,'2018-02-23 10:13:47'),(40,'Carolina Estevez','56988051289',6,NULL,'San Bernardo','RM',NULL,NULL,NULL,NULL,NULL,'20180234314',NULL,'Fijo','Praxis',NULL,'20-01-2018','20-02-2018','22-02-2018','9675432976',NULL,NULL,NULL,NULL,NULL,NULL,NULL,NULL,NULL,NULL,'2018-02-23 10:13:47',5,1,7,'2018-02-23 10:13:47'),(41,'Laura Andrade','56988051289',1,NULL,'Santiago','13',NULL,NULL,NULL,NULL,NULL,'20180220300',NULL,'Fijo','Praxis',NULL,'20-01-2018','20-02-2018','25-02-2018','9675432976',NULL,NULL,NULL,NULL,NULL,NULL,NULL,NULL,NULL,NULL,'2018-02-26 16:28:48',5,1,7,'2018-02-26 16:28:48'),(42,'Luisa Chavez','56988051289',1,NULL,'La Serena','4',NULL,NULL,NULL,NULL,NULL,'20180222302',NULL,'Fijo','Praxis',NULL,'20-01-2018','20-02-2018','25-02-2018','9675432976',NULL,NULL,NULL,NULL,NULL,NULL,NULL,NULL,NULL,NULL,'2018-02-26 16:28:48',5,1,7,'2018-02-26 16:28:48'),(43,'Maria Perez','56988051289',1,NULL,'Curico','7',NULL,NULL,NULL,NULL,NULL,'20180224304',NULL,'Fijo','Praxis',NULL,'20-01-2018','20-02-2018','25-02-2018','9675432976',NULL,NULL,NULL,NULL,NULL,NULL,NULL,NULL,NULL,NULL,'2018-02-26 16:28:48',5,1,7,'2018-02-26 16:28:48'),(44,'Maria Cruz','56988051289',1,NULL,'Santiago','13',NULL,NULL,NULL,NULL,NULL,'20180226306',NULL,'Fijo','Praxis',NULL,'20-01-2018','20-02-2018','25-02-2018','9675432976','6789546',NULL,NULL,NULL,NULL,NULL,NULL,NULL,NULL,NULL,'2018-02-26 16:28:48',5,1,7,'2018-02-26 16:28:48'),(45,'Samuel Venegas','944455895',1,NULL,'Valparaiso','5',NULL,NULL,NULL,NULL,NULL,'20180228308',NULL,'Fijo','Praxis',NULL,'20-01-2018','20-02-2018','25-02-2018','9675432976','99567910',NULL,NULL,NULL,NULL,NULL,NULL,NULL,NULL,NULL,'2018-02-26 16:28:48',5,1,7,'2018-02-26 16:28:48'),(46,'Luisa Godoy','944455895',1,NULL,'Arica','15',NULL,NULL,NULL,NULL,NULL,'20180230310',NULL,'Fijo','Praxis',NULL,'20-01-2018','20-02-2018','25-02-2018','9675432976',NULL,NULL,NULL,NULL,NULL,NULL,NULL,NULL,NULL,NULL,'2018-02-26 16:28:48',5,1,7,'2018-02-26 16:28:48'),(47,'Pilar Moncada','56988051289',1,NULL,'Santiago','13',NULL,NULL,NULL,NULL,NULL,'20180232312',NULL,'Fijo','Praxis',NULL,'20-01-2018','20-02-2018','25-02-2018','9675432976',NULL,NULL,NULL,NULL,NULL,NULL,NULL,NULL,NULL,NULL,'2018-02-26 16:28:48',5,1,7,'2018-02-26 16:28:48'),(48,'Carolina Estevez','56988051289',1,NULL,'San Bernardo','RM',NULL,NULL,NULL,NULL,NULL,'20180234314',NULL,'Fijo','Praxis',NULL,'20-01-2018','20-02-2018','25-02-2018','9675432976',NULL,NULL,NULL,NULL,NULL,NULL,NULL,NULL,NULL,NULL,'2018-02-26 16:28:48',5,1,7,'2018-02-26 16:28:48'),(49,'Laura Andrade','56988051289',1,NULL,'Santiago','13',NULL,NULL,NULL,NULL,NULL,'20180220300',NULL,'Fijo','Praxis',NULL,'20-01-2018','20-02-2018','25-02-2018','9675432976',NULL,NULL,NULL,NULL,NULL,NULL,NULL,NULL,NULL,NULL,'2018-02-26 16:28:48',5,1,7,'2018-02-26 16:28:48'),(50,'Luisa Chavez','56988051289',1,NULL,'La Serena','4',NULL,NULL,NULL,NULL,NULL,'20180222302',NULL,'Fijo','Praxis',NULL,'20-01-2018','20-02-2018','25-02-2018','9675432976',NULL,NULL,NULL,NULL,NULL,NULL,NULL,NULL,NULL,NULL,'2018-02-26 16:28:48',5,1,7,'2018-02-26 16:28:48'),(51,'Freddy Morales','56988051289',1,NULL,'Curico','7',NULL,NULL,NULL,NULL,NULL,'20180224304',NULL,'Fijo','Praxis',NULL,'20-01-2018','20-02-2018','25-02-2018','9675432976',NULL,NULL,NULL,NULL,NULL,NULL,NULL,NULL,NULL,NULL,'2018-02-26 16:28:48',5,1,7,'2018-02-26 16:28:48'),(52,'Maria Cruz','56988051289',1,NULL,'Santiago','13',NULL,NULL,NULL,NULL,NULL,'20180226306',NULL,'Fijo','Praxis',NULL,'20-01-2018','20-02-2018','25-02-2018','9675432976','6789546',NULL,NULL,NULL,NULL,NULL,NULL,NULL,NULL,NULL,'2018-02-26 16:28:48',5,1,7,'2018-02-26 16:28:48'),(53,'Samuel Venegas','56988051289',1,NULL,'Valparaiso','5',NULL,NULL,NULL,NULL,NULL,'20180228308',NULL,'Fijo','Praxis',NULL,'20-01-2018','20-02-2018','25-02-2018','9675432976','99567910',NULL,NULL,NULL,NULL,NULL,NULL,NULL,NULL,NULL,'2018-02-26 16:28:48',5,1,7,'2018-02-26 16:28:48'),(54,'Alberto Zurita','944455895',1,NULL,'Arica','15',NULL,NULL,NULL,NULL,NULL,'20180230310',NULL,'Fijo','Praxis',NULL,'20-01-2018','20-02-2018','25-02-2018','9675432976',NULL,NULL,NULL,NULL,NULL,NULL,NULL,NULL,NULL,NULL,'2018-02-26 16:28:48',5,1,7,'2018-02-26 16:28:48'),(55,'Rodrigo Mendez','56988051289',1,NULL,'Santiago','13',NULL,NULL,NULL,NULL,NULL,'20180232312',NULL,'Fijo','Praxis',NULL,'20-01-2018','20-02-2018','25-02-2018','9675432976',NULL,NULL,NULL,NULL,NULL,NULL,NULL,NULL,NULL,NULL,'2018-02-26 16:28:48',5,1,7,'2018-02-26 16:28:48'),(56,'Carolina Estevez','56988051289',1,NULL,'San Bernardo','RM',NULL,NULL,NULL,NULL,NULL,'20180234314',NULL,'Fijo','Praxis',NULL,'20-01-2018','20-02-2018','25-02-2018','9675432976',NULL,NULL,NULL,NULL,NULL,NULL,NULL,NULL,NULL,NULL,'2018-02-26 16:28:48',5,1,7,'2018-02-26 16:28:48'),(57,'Esteban Mendez','56988051289',1,NULL,'Santiago','13',NULL,NULL,NULL,NULL,NULL,'20180220300',NULL,'Fijo','Praxis',NULL,'20-01-2018','20-02-2018','25-02-2018','9675432976',NULL,NULL,NULL,NULL,NULL,NULL,NULL,NULL,NULL,NULL,'2018-02-26 16:28:48',5,1,7,'2018-02-26 16:28:48'),(58,'Luisa Chavez','56988051289',1,NULL,'La Serena','4',NULL,NULL,NULL,NULL,NULL,'20180222302',NULL,'Fijo','Praxis',NULL,'20-01-2018','20-02-2018','25-02-2018','9675432976',NULL,NULL,NULL,NULL,NULL,NULL,NULL,NULL,NULL,NULL,'2018-02-26 16:28:48',5,1,7,'2018-02-26 16:28:48'),(59,'Jacinta Errasuriz','56988051289',1,NULL,'Curico','7',NULL,NULL,NULL,NULL,NULL,'20180224304',NULL,'Fijo','Praxis',NULL,'20-01-2018','20-02-2018','25-02-2018','9675432976',NULL,NULL,NULL,NULL,NULL,NULL,NULL,NULL,NULL,NULL,'2018-02-26 16:28:49',5,1,7,'2018-02-26 16:28:49'),(60,'Maria Cruz','56988051289',1,NULL,'Santiago','13',NULL,NULL,NULL,NULL,NULL,'20180226306',NULL,'Fijo','Praxis',NULL,'20-01-2018','20-02-2018','25-02-2018','9675432976','6789546',NULL,NULL,NULL,NULL,NULL,NULL,NULL,NULL,NULL,'2018-02-26 16:28:49',5,1,7,'2018-02-26 16:28:49'),(61,'Samuel Venegas','56988051289',1,NULL,'Valparaiso','5',NULL,NULL,NULL,NULL,NULL,'20180228308',NULL,'Fijo','Praxis',NULL,'20-01-2018','20-02-2018','25-02-2018','9675432976','99567910',NULL,NULL,NULL,NULL,NULL,NULL,NULL,NULL,NULL,'2018-02-26 16:28:49',5,1,7,'2018-02-26 16:28:49'),(62,'Arturo Escarate','56988051289',1,NULL,'Arica','15',NULL,NULL,NULL,NULL,NULL,'20180230310',NULL,'Fijo','Praxis',NULL,'20-01-2018','20-02-2018','25-02-2018','9675432976',NULL,NULL,NULL,NULL,NULL,NULL,NULL,NULL,NULL,NULL,'2018-02-26 16:28:49',5,1,7,'2018-02-26 16:28:49'),(63,'Rodrigo Mendez','56988051289',1,NULL,'Santiago','13',NULL,NULL,NULL,NULL,NULL,'20180232312',NULL,'Fijo','Praxis',NULL,'20-01-2018','20-02-2018','25-02-2018','9675432976',NULL,NULL,NULL,NULL,NULL,NULL,NULL,NULL,NULL,NULL,'2018-02-26 16:28:49',5,1,7,'2018-02-26 16:28:49'),(64,'Carolina Estevez','56988051289',1,NULL,'San Bernardo','RM',NULL,NULL,NULL,NULL,NULL,'20180234314',NULL,'Fijo','Praxis',NULL,'20-01-2018','20-02-2018','25-02-2018','9675432976',NULL,NULL,NULL,NULL,NULL,NULL,NULL,NULL,NULL,NULL,'2018-02-26 16:28:49',5,1,7,'2018-02-26 16:28:49'),(65,'Laura Andrade','56988051289',1,NULL,'Santiago','13',NULL,NULL,NULL,NULL,NULL,'20180220300',NULL,'Fijo','Praxis',NULL,'20-01-2018','20-02-2018','25-02-2018','9675432976',NULL,NULL,NULL,NULL,NULL,NULL,NULL,NULL,NULL,NULL,'2018-02-26 16:28:49',5,1,7,'2018-02-26 16:28:49'),(66,'Luisa Chavez','56988051289',1,NULL,'La Serena','4',NULL,NULL,NULL,NULL,NULL,'20180222302',NULL,'Fijo','Praxis',NULL,'20-01-2018','20-02-2018','25-02-2018','9675432976',NULL,NULL,NULL,NULL,NULL,NULL,NULL,NULL,NULL,NULL,'2018-02-26 16:28:49',5,1,7,'2018-02-26 16:28:49'),(67,'Jacinta Errasuriz','56988051289',1,NULL,'Curico','7',NULL,NULL,NULL,NULL,NULL,'20180224304',NULL,'Fijo','Praxis',NULL,'20-01-2018','20-02-2018','25-02-2018','9675432976',NULL,NULL,NULL,NULL,NULL,NULL,NULL,NULL,NULL,NULL,'2018-02-26 16:28:49',5,1,7,'2018-02-26 16:28:49'),(68,'Maria Cruz','56988051289',1,NULL,'Santiago','13',NULL,NULL,NULL,NULL,NULL,'20180226306',NULL,'Fijo','Praxis',NULL,'20-01-2018','20-02-2018','25-02-2018','9675432976','6789546',NULL,NULL,NULL,NULL,NULL,NULL,NULL,NULL,NULL,'2018-02-26 16:28:49',5,1,7,'2018-02-26 16:28:49'),(69,'Samuel Venegas','56988051289',1,NULL,'Valparaiso','5',NULL,NULL,NULL,NULL,NULL,'20180228308',NULL,'Fijo','Praxis',NULL,'20-01-2018','20-02-2018','25-02-2018','9675432976','99567910',NULL,NULL,NULL,NULL,NULL,NULL,NULL,NULL,NULL,'2018-02-26 16:28:49',5,1,7,'2018-02-26 16:28:49'),(70,'Noemi Alvarez','56988051289',1,NULL,'Arica','15',NULL,NULL,NULL,NULL,NULL,'20180230310',NULL,'Fijo','Praxis',NULL,'20-01-2018','20-02-2018','25-02-2018','9675432976',NULL,NULL,NULL,NULL,NULL,NULL,NULL,NULL,NULL,NULL,'2018-02-26 16:28:49',5,1,7,'2018-02-26 16:28:49'),(71,'Rodrigo Mendez','56988051289',1,NULL,'Santiago','13',NULL,NULL,NULL,NULL,NULL,'20180232312',NULL,'Fijo','Praxis',NULL,'20-01-2018','20-02-2018','25-02-2018','9675432976',NULL,NULL,NULL,NULL,NULL,NULL,NULL,NULL,NULL,NULL,'2018-02-26 16:28:49',5,1,7,'2018-02-26 16:28:49'),(72,'Carolina Estevez','56988051289',1,NULL,'San Bernardo','RM',NULL,NULL,NULL,NULL,NULL,'20180234314',NULL,'Fijo','Praxis',NULL,'20-01-2018','20-02-2018','25-02-2018','9675432976',NULL,NULL,NULL,NULL,NULL,NULL,NULL,NULL,NULL,NULL,'2018-02-26 16:28:49',5,1,7,'2018-02-26 16:28:49'),(73,'Laura Andrade','56988051289',4,NULL,'Santiago','13',NULL,NULL,NULL,NULL,NULL,'20180220300',NULL,'Fijo','Praxis',NULL,'20-01-2018','20-02-2018','25-02-2018','9675432976',NULL,NULL,NULL,NULL,NULL,NULL,NULL,NULL,NULL,NULL,'2018-02-26 16:34:44',5,1,7,'2018-02-26 16:34:44'),(74,'Luisa Chavez','56988051289',4,NULL,'La Serena','4',NULL,NULL,NULL,NULL,NULL,'20180222302',NULL,'Fijo','Praxis',NULL,'20-01-2018','20-02-2018','25-02-2018','9675432976',NULL,NULL,NULL,NULL,NULL,NULL,NULL,NULL,NULL,NULL,'2018-02-26 16:34:44',5,1,7,'2018-02-26 16:34:44'),(75,'Maria Perez','56988051289',4,NULL,'Curico','7',NULL,NULL,NULL,NULL,NULL,'20180224304',NULL,'Fijo','Praxis',NULL,'20-01-2018','20-02-2018','25-02-2018','9675432976',NULL,NULL,NULL,NULL,NULL,NULL,NULL,NULL,NULL,NULL,'2018-02-26 16:34:44',5,1,7,'2018-02-26 16:34:44'),(76,'Maria Cruz','56988051289',4,NULL,'Santiago','13',NULL,NULL,NULL,NULL,NULL,'20180226306',NULL,'Fijo','Praxis',NULL,'20-01-2018','20-02-2018','25-02-2018','9675432976','6789546',NULL,NULL,NULL,NULL,NULL,NULL,NULL,NULL,NULL,'2018-02-26 16:34:44',5,1,7,'2018-02-26 16:34:44'),(77,'Samuel Venegas','944455895',4,NULL,'Valparaiso','5',NULL,NULL,NULL,NULL,NULL,'20180228308',NULL,'Fijo','Praxis',NULL,'20-01-2018','20-02-2018','25-02-2018','9675432976','99567910',NULL,NULL,NULL,NULL,NULL,NULL,NULL,NULL,NULL,'2018-02-26 16:34:44',5,1,7,'2018-02-26 16:34:44'),(78,'Luisa Godoy','944455895',4,NULL,'Arica','15',NULL,NULL,NULL,NULL,NULL,'20180230310',NULL,'Fijo','Praxis',NULL,'20-01-2018','20-02-2018','25-02-2018','9675432976',NULL,NULL,NULL,NULL,NULL,NULL,NULL,NULL,NULL,NULL,'2018-02-26 16:34:44',5,1,7,'2018-02-26 16:34:44'),(79,'Pilar Moncada','56988051289',4,NULL,'Santiago','13',NULL,NULL,NULL,NULL,NULL,'20180232312',NULL,'Fijo','Praxis',NULL,'20-01-2018','20-02-2018','25-02-2018','9675432976',NULL,NULL,NULL,NULL,NULL,NULL,NULL,NULL,NULL,NULL,'2018-02-26 16:34:44',5,1,7,'2018-02-26 16:34:44'),(80,'Carolina Estevez','56988051289',4,NULL,'San Bernardo','RM',NULL,NULL,NULL,NULL,NULL,'20180234314',NULL,'Fijo','Praxis',NULL,'20-01-2018','20-02-2018','25-02-2018','9675432976',NULL,NULL,NULL,NULL,NULL,NULL,NULL,NULL,NULL,NULL,'2018-02-26 16:34:44',5,1,7,'2018-02-26 16:34:44'),(81,'Laura Andrade','56988051289',4,NULL,'Santiago','13',NULL,NULL,NULL,NULL,NULL,'20180220300',NULL,'Fijo','Praxis',NULL,'20-01-2018','20-02-2018','25-02-2018','9675432976',NULL,NULL,NULL,NULL,NULL,NULL,NULL,NULL,NULL,NULL,'2018-02-26 16:34:44',5,1,7,'2018-02-26 16:34:44'),(82,'Luisa Chavez','56988051289',4,NULL,'La Serena','4',NULL,NULL,NULL,NULL,NULL,'20180222302',NULL,'Fijo','Praxis',NULL,'20-01-2018','20-02-2018','25-02-2018','9675432976',NULL,NULL,NULL,NULL,NULL,NULL,NULL,NULL,NULL,NULL,'2018-02-26 16:34:44',5,1,7,'2018-02-26 16:34:44'),(83,'Freddy Morales','56988051289',4,NULL,'Curico','7',NULL,NULL,NULL,NULL,NULL,'20180224304',NULL,'Fijo','Praxis',NULL,'20-01-2018','20-02-2018','25-02-2018','9675432976',NULL,NULL,NULL,NULL,NULL,NULL,NULL,NULL,NULL,NULL,'2018-02-26 16:34:44',5,1,7,'2018-02-26 16:34:44'),(84,'Maria Cruz','56988051289',4,NULL,'Santiago','13',NULL,NULL,NULL,NULL,NULL,'20180226306',NULL,'Fijo','Praxis',NULL,'20-01-2018','20-02-2018','25-02-2018','9675432976','6789546',NULL,NULL,NULL,NULL,NULL,NULL,NULL,NULL,NULL,'2018-02-26 16:34:44',5,1,7,'2018-02-26 16:34:44'),(85,'Samuel Venegas','56988051289',4,NULL,'Valparaiso','5',NULL,NULL,NULL,NULL,NULL,'20180228308',NULL,'Fijo','Praxis',NULL,'20-01-2018','20-02-2018','25-02-2018','9675432976','99567910',NULL,NULL,NULL,NULL,NULL,NULL,NULL,NULL,NULL,'2018-02-26 16:34:44',5,1,7,'2018-02-26 16:34:44'),(86,'Alberto Zurita','944455895',4,NULL,'Arica','15',NULL,NULL,NULL,NULL,NULL,'20180230310',NULL,'Fijo','Praxis',NULL,'20-01-2018','20-02-2018','25-02-2018','9675432976',NULL,NULL,NULL,NULL,NULL,NULL,NULL,NULL,NULL,NULL,'2018-02-26 16:34:44',5,1,7,'2018-02-26 16:34:44'),(87,'Rodrigo Mendez','56988051289',4,NULL,'Santiago','13',NULL,NULL,NULL,NULL,NULL,'20180232312',NULL,'Fijo','Praxis',NULL,'20-01-2018','20-02-2018','25-02-2018','9675432976',NULL,NULL,NULL,NULL,NULL,NULL,NULL,NULL,NULL,NULL,'2018-02-26 16:34:44',5,1,7,'2018-02-26 16:34:44'),(88,'Carolina Estevez','56988051289',4,NULL,'San Bernardo','RM',NULL,NULL,NULL,NULL,NULL,'20180234314',NULL,'Fijo','Praxis',NULL,'20-01-2018','20-02-2018','25-02-2018','9675432976',NULL,NULL,NULL,NULL,NULL,NULL,NULL,NULL,NULL,NULL,'2018-02-26 16:34:44',5,1,7,'2018-02-26 16:34:44'),(89,'Esteban Mendez','56988051289',4,NULL,'Santiago','13',NULL,NULL,NULL,NULL,NULL,'20180220300',NULL,'Fijo','Praxis',NULL,'20-01-2018','20-02-2018','25-02-2018','9675432976',NULL,NULL,NULL,NULL,NULL,NULL,NULL,NULL,NULL,NULL,'2018-02-26 16:34:44',5,1,7,'2018-02-26 16:34:44'),(90,'Luisa Chavez','56988051289',4,NULL,'La Serena','4',NULL,NULL,NULL,NULL,NULL,'20180222302',NULL,'Fijo','Praxis',NULL,'20-01-2018','20-02-2018','25-02-2018','9675432976',NULL,NULL,NULL,NULL,NULL,NULL,NULL,NULL,NULL,NULL,'2018-02-26 16:34:44',5,1,7,'2018-02-26 16:34:44'),(91,'Jacinta Errasuriz','56988051289',4,NULL,'Curico','7',NULL,NULL,NULL,NULL,NULL,'20180224304',NULL,'Fijo','Praxis',NULL,'20-01-2018','20-02-2018','25-02-2018','9675432976',NULL,NULL,NULL,NULL,NULL,NULL,NULL,NULL,NULL,NULL,'2018-02-26 16:34:44',5,1,7,'2018-02-26 16:34:44'),(92,'Maria Cruz','56988051289',4,NULL,'Santiago','13',NULL,NULL,NULL,NULL,NULL,'20180226306',NULL,'Fijo','Praxis',NULL,'20-01-2018','20-02-2018','25-02-2018','9675432976','6789546',NULL,NULL,NULL,NULL,NULL,NULL,NULL,NULL,NULL,'2018-02-26 16:34:44',5,1,7,'2018-02-26 16:34:44'),(93,'Samuel Venegas','56988051289',4,NULL,'Valparaiso','5',NULL,NULL,NULL,NULL,NULL,'20180228308',NULL,'Fijo','Praxis',NULL,'20-01-2018','20-02-2018','25-02-2018','9675432976','99567910',NULL,NULL,NULL,NULL,NULL,NULL,NULL,NULL,NULL,'2018-02-26 16:34:44',5,1,7,'2018-02-26 16:34:44'),(94,'Arturo Escarate','56988051289',4,NULL,'Arica','15',NULL,NULL,NULL,NULL,NULL,'20180230310',NULL,'Fijo','Praxis',NULL,'20-01-2018','20-02-2018','25-02-2018','9675432976',NULL,NULL,NULL,NULL,NULL,NULL,NULL,NULL,NULL,NULL,'2018-02-26 16:34:44',5,1,7,'2018-02-26 16:34:44'),(95,'Rodrigo Mendez','56988051289',4,NULL,'Santiago','13',NULL,NULL,NULL,NULL,NULL,'20180232312',NULL,'Fijo','Praxis',NULL,'20-01-2018','20-02-2018','25-02-2018','9675432976',NULL,NULL,NULL,NULL,NULL,NULL,NULL,NULL,NULL,NULL,'2018-02-26 16:34:44',5,1,7,'2018-02-26 16:34:44'),(96,'Carolina Estevez','56988051289',4,NULL,'San Bernardo','RM',NULL,NULL,NULL,NULL,NULL,'20180234314',NULL,'Fijo','Praxis',NULL,'20-01-2018','20-02-2018','25-02-2018','9675432976',NULL,NULL,NULL,NULL,NULL,NULL,NULL,NULL,NULL,NULL,'2018-02-26 16:34:44',5,1,7,'2018-02-26 16:34:44'),(97,'Laura Andrade','56988051289',4,NULL,'Santiago','13',NULL,NULL,NULL,NULL,NULL,'20180220300',NULL,'Fijo','Praxis',NULL,'20-01-2018','20-02-2018','25-02-2018','9675432976',NULL,NULL,NULL,NULL,NULL,NULL,NULL,NULL,NULL,NULL,'2018-02-26 16:34:44',5,1,7,'2018-02-26 16:34:44'),(98,'Luisa Chavez','56988051289',4,NULL,'La Serena','4',NULL,NULL,NULL,NULL,NULL,'20180222302',NULL,'Fijo','Praxis',NULL,'20-01-2018','20-02-2018','25-02-2018','9675432976',NULL,NULL,NULL,NULL,NULL,NULL,NULL,NULL,NULL,NULL,'2018-02-26 16:34:44',5,1,7,'2018-02-26 16:34:44'),(99,'Jacinta Errasuriz','56988051289',4,NULL,'Curico','7',NULL,NULL,NULL,NULL,NULL,'20180224304',NULL,'Fijo','Praxis',NULL,'20-01-2018','20-02-2018','25-02-2018','9675432976',NULL,NULL,NULL,NULL,NULL,NULL,NULL,NULL,NULL,NULL,'2018-02-26 16:34:45',5,1,7,'2018-02-26 16:34:45'),(100,'Maria Cruz','56988051289',4,NULL,'Santiago','13',NULL,NULL,NULL,NULL,NULL,'20180226306',NULL,'Fijo','Praxis',NULL,'20-01-2018','20-02-2018','25-02-2018','9675432976','6789546',NULL,NULL,NULL,NULL,NULL,NULL,NULL,NULL,NULL,'2018-02-26 16:34:45',5,1,7,'2018-02-26 16:34:45'),(101,'Samuel Venegas','56988051289',4,NULL,'Valparaiso','5',NULL,NULL,NULL,NULL,NULL,'20180228308',NULL,'Fijo','Praxis',NULL,'20-01-2018','20-02-2018','25-02-2018','9675432976','99567910',NULL,NULL,NULL,NULL,NULL,NULL,NULL,NULL,NULL,'2018-02-26 16:34:45',5,1,7,'2018-02-26 16:34:45'),(102,'Noemi Alvarez','56988051289',4,NULL,'Arica','15',NULL,NULL,NULL,NULL,NULL,'20180230310',NULL,'Fijo','Praxis',NULL,'20-01-2018','20-02-2018','25-02-2018','9675432976',NULL,NULL,NULL,NULL,NULL,NULL,NULL,NULL,NULL,NULL,'2018-02-26 16:34:45',5,1,7,'2018-02-26 16:34:45'),(103,'Rodrigo Mendez','56988051289',4,NULL,'Santiago','13',NULL,NULL,NULL,NULL,NULL,'20180232312',NULL,'Fijo','Praxis',NULL,'20-01-2018','20-02-2018','25-02-2018','9675432976',NULL,NULL,NULL,NULL,NULL,NULL,NULL,NULL,NULL,NULL,'2018-02-26 16:34:45',5,1,7,'2018-02-26 16:34:45'),(104,'Carolina Estevez','56988051289',4,NULL,'San Bernardo','RM',NULL,NULL,NULL,NULL,NULL,'20180234314',NULL,'Fijo','Praxis',NULL,'20-01-2018','20-02-2018','25-02-2018','9675432976',NULL,NULL,NULL,NULL,NULL,NULL,NULL,NULL,NULL,NULL,'2018-02-26 16:34:45',5,1,7,'2018-02-26 16:34:45'),(105,'Laura Andrade','56988051289',4,NULL,'Santiago','13',NULL,NULL,NULL,NULL,NULL,'20180220300',NULL,'Fijo','Praxis',NULL,'20-01-2018','20-02-2018','25-02-2018','9675432976',NULL,NULL,NULL,NULL,NULL,NULL,NULL,NULL,NULL,NULL,'2018-02-26 16:57:45',5,1,7,'2018-02-26 16:57:45'),(106,'Luisa Chavez','56988051289',4,NULL,'La Serena','4',NULL,NULL,NULL,NULL,NULL,'20180222302',NULL,'Fijo','Praxis',NULL,'20-01-2018','20-02-2018','25-02-2018','9675432976',NULL,NULL,NULL,NULL,NULL,NULL,NULL,NULL,NULL,NULL,'2018-02-26 16:57:45',5,1,7,'2018-02-26 16:57:45'),(107,'Maria Perez','56988051289',4,NULL,'Curico','7',NULL,NULL,NULL,NULL,NULL,'20180224304',NULL,'Fijo','Praxis',NULL,'20-01-2018','20-02-2018','25-02-2018','9675432976',NULL,NULL,NULL,NULL,NULL,NULL,NULL,NULL,NULL,NULL,'2018-02-26 16:57:45',5,1,7,'2018-02-26 16:57:45'),(108,'Maria Cruz','56988051289',4,NULL,'Santiago','13',NULL,NULL,NULL,NULL,NULL,'20180226306',NULL,'Fijo','Praxis',NULL,'20-01-2018','20-02-2018','25-02-2018','9675432976','6789546',NULL,NULL,NULL,NULL,NULL,NULL,NULL,NULL,NULL,'2018-02-26 16:57:45',5,1,7,'2018-02-26 16:57:45'),(109,'Samuel Venegas','944455895',4,NULL,'Valparaiso','5',NULL,NULL,NULL,NULL,NULL,'20180228308',NULL,'Fijo','Praxis',NULL,'20-01-2018','20-02-2018','25-02-2018','9675432976','99567910',NULL,NULL,NULL,NULL,NULL,NULL,NULL,NULL,NULL,'2018-02-26 16:57:45',5,1,7,'2018-02-26 16:57:45'),(110,'Luisa Godoy','944455895',4,NULL,'Arica','15',NULL,NULL,NULL,NULL,NULL,'20180230310',NULL,'Fijo','Praxis',NULL,'20-01-2018','20-02-2018','25-02-2018','9675432976',NULL,NULL,NULL,NULL,NULL,NULL,NULL,NULL,NULL,NULL,'2018-02-26 16:57:45',5,1,7,'2018-02-26 16:57:45'),(111,'Pilar Moncada','56988051289',4,NULL,'Santiago','13',NULL,NULL,NULL,NULL,NULL,'20180232312',NULL,'Fijo','Praxis',NULL,'20-01-2018','20-02-2018','25-02-2018','9675432976',NULL,NULL,NULL,NULL,NULL,NULL,NULL,NULL,NULL,NULL,'2018-02-26 16:57:45',5,1,7,'2018-02-26 16:57:45'),(112,'Carolina Estevez','56988051289',4,NULL,'San Bernardo','RM',NULL,NULL,NULL,NULL,NULL,'20180234314',NULL,'Fijo','Praxis',NULL,'20-01-2018','20-02-2018','25-02-2018','9675432976',NULL,NULL,NULL,NULL,NULL,NULL,NULL,NULL,NULL,NULL,'2018-02-26 16:57:46',5,1,7,'2018-02-26 16:57:46'),(113,'Laura Andrade','56988051289',4,NULL,'Santiago','13',NULL,NULL,NULL,NULL,NULL,'20180220300',NULL,'Fijo','Praxis',NULL,'20-01-2018','20-02-2018','25-02-2018','9675432976',NULL,NULL,NULL,NULL,NULL,NULL,NULL,NULL,NULL,NULL,'2018-02-26 16:57:46',5,1,7,'2018-02-26 16:57:46'),(114,'Luisa Chavez','56988051289',4,NULL,'La Serena','4',NULL,NULL,NULL,NULL,NULL,'20180222302',NULL,'Fijo','Praxis',NULL,'20-01-2018','20-02-2018','25-02-2018','9675432976',NULL,NULL,NULL,NULL,NULL,NULL,NULL,NULL,NULL,NULL,'2018-02-26 16:57:46',5,1,7,'2018-02-26 16:57:46'),(115,'Freddy Morales','56988051289',4,NULL,'Curico','7',NULL,NULL,NULL,NULL,NULL,'20180224304',NULL,'Fijo','Praxis',NULL,'20-01-2018','20-02-2018','25-02-2018','9675432976',NULL,NULL,NULL,NULL,NULL,NULL,NULL,NULL,NULL,NULL,'2018-02-26 16:57:46',5,1,7,'2018-02-26 16:57:46'),(116,'Maria Cruz','56988051289',4,NULL,'Santiago','13',NULL,NULL,NULL,NULL,NULL,'20180226306',NULL,'Fijo','Praxis',NULL,'20-01-2018','20-02-2018','25-02-2018','9675432976','6789546',NULL,NULL,NULL,NULL,NULL,NULL,NULL,NULL,NULL,'2018-02-26 16:57:46',5,1,7,'2018-02-26 16:57:46'),(117,'Samuel Venegas','56988051289',4,NULL,'Valparaiso','5',NULL,NULL,NULL,NULL,NULL,'20180228308',NULL,'Fijo','Praxis',NULL,'20-01-2018','20-02-2018','25-02-2018','9675432976','99567910',NULL,NULL,NULL,NULL,NULL,NULL,NULL,NULL,NULL,'2018-02-26 16:57:46',5,1,7,'2018-02-26 16:57:46'),(118,'Alberto Zurita','944455895',4,NULL,'Arica','15',NULL,NULL,NULL,NULL,NULL,'20180230310',NULL,'Fijo','Praxis',NULL,'20-01-2018','20-02-2018','25-02-2018','9675432976',NULL,NULL,NULL,NULL,NULL,NULL,NULL,NULL,NULL,NULL,'2018-02-26 16:57:46',5,1,7,'2018-02-26 16:57:46'),(119,'Rodrigo Mendez','56988051289',4,NULL,'Santiago','13',NULL,NULL,NULL,NULL,NULL,'20180232312',NULL,'Fijo','Praxis',NULL,'20-01-2018','20-02-2018','25-02-2018','9675432976',NULL,NULL,NULL,NULL,NULL,NULL,NULL,NULL,NULL,NULL,'2018-02-26 16:57:46',5,1,7,'2018-02-26 16:57:46'),(120,'Carolina Estevez','56988051289',4,NULL,'San Bernardo','RM',NULL,NULL,NULL,NULL,NULL,'20180234314',NULL,'Fijo','Praxis',NULL,'20-01-2018','20-02-2018','25-02-2018','9675432976',NULL,NULL,NULL,NULL,NULL,NULL,NULL,NULL,NULL,NULL,'2018-02-26 16:57:47',5,1,7,'2018-02-26 16:57:47'),(121,'Esteban Mendez','56988051289',4,NULL,'Santiago','13',NULL,NULL,NULL,NULL,NULL,'20180220300',NULL,'Fijo','Praxis',NULL,'20-01-2018','20-02-2018','25-02-2018','9675432976',NULL,NULL,NULL,NULL,NULL,NULL,NULL,NULL,NULL,NULL,'2018-02-26 16:57:47',5,1,7,'2018-02-26 16:57:47'),(122,'Luisa Chavez','56988051289',4,NULL,'La Serena','4',NULL,NULL,NULL,NULL,NULL,'20180222302',NULL,'Fijo','Praxis',NULL,'20-01-2018','20-02-2018','25-02-2018','9675432976',NULL,NULL,NULL,NULL,NULL,NULL,NULL,NULL,NULL,NULL,'2018-02-26 16:57:47',5,1,7,'2018-02-26 16:57:47'),(123,'Jacinta Errasuriz','56988051289',4,NULL,'Curico','7',NULL,NULL,NULL,NULL,NULL,'20180224304',NULL,'Fijo','Praxis',NULL,'20-01-2018','20-02-2018','25-02-2018','9675432976',NULL,NULL,NULL,NULL,NULL,NULL,NULL,NULL,NULL,NULL,'2018-02-26 16:57:47',5,1,7,'2018-02-26 16:57:47'),(124,'Maria Cruz','56988051289',4,NULL,'Santiago','13',NULL,NULL,NULL,NULL,NULL,'20180226306',NULL,'Fijo','Praxis',NULL,'20-01-2018','20-02-2018','25-02-2018','9675432976','6789546',NULL,NULL,NULL,NULL,NULL,NULL,NULL,NULL,NULL,'2018-02-26 16:57:47',5,1,7,'2018-02-26 16:57:47'),(125,'Samuel Venegas','56988051289',4,NULL,'Valparaiso','5',NULL,NULL,NULL,NULL,NULL,'20180228308',NULL,'Fijo','Praxis',NULL,'20-01-2018','20-02-2018','25-02-2018','9675432976','99567910',NULL,NULL,NULL,NULL,NULL,NULL,NULL,NULL,NULL,'2018-02-26 16:57:47',5,1,7,'2018-02-26 16:57:47'),(126,'Arturo Escarate','56988051289',4,NULL,'Arica','15',NULL,NULL,NULL,NULL,NULL,'20180230310',NULL,'Fijo','Praxis',NULL,'20-01-2018','20-02-2018','25-02-2018','9675432976',NULL,NULL,NULL,NULL,NULL,NULL,NULL,NULL,NULL,NULL,'2018-02-26 16:57:47',5,1,7,'2018-02-26 16:57:47'),(127,'Rodrigo Mendez','56988051289',4,NULL,'Santiago','13',NULL,NULL,NULL,NULL,NULL,'20180232312',NULL,'Fijo','Praxis',NULL,'20-01-2018','20-02-2018','25-02-2018','9675432976',NULL,NULL,NULL,NULL,NULL,NULL,NULL,NULL,NULL,NULL,'2018-02-26 16:57:47',5,1,7,'2018-02-26 16:57:47'),(128,'Carolina Estevez','56988051289',4,NULL,'San Bernardo','RM',NULL,NULL,NULL,NULL,NULL,'20180234314',NULL,'Fijo','Praxis',NULL,'20-01-2018','20-02-2018','25-02-2018','9675432976',NULL,NULL,NULL,NULL,NULL,NULL,NULL,NULL,NULL,NULL,'2018-02-26 16:57:47',5,1,7,'2018-02-26 16:57:47'),(129,'Laura Andrade','56988051289',4,NULL,'Santiago','13',NULL,NULL,NULL,NULL,NULL,'20180220300',NULL,'Fijo','Praxis',NULL,'20-01-2018','20-02-2018','25-02-2018','9675432976',NULL,NULL,NULL,NULL,NULL,NULL,NULL,NULL,NULL,NULL,'2018-02-26 16:57:47',5,1,7,'2018-02-26 16:57:47'),(130,'Luisa Chavez','56988051289',4,NULL,'La Serena','4',NULL,NULL,NULL,NULL,NULL,'20180222302',NULL,'Fijo','Praxis',NULL,'20-01-2018','20-02-2018','25-02-2018','9675432976',NULL,NULL,NULL,NULL,NULL,NULL,NULL,NULL,NULL,NULL,'2018-02-26 16:57:47',5,1,7,'2018-02-26 16:57:47'),(131,'Jacinta Errasuriz','56988051289',4,NULL,'Curico','7',NULL,NULL,NULL,NULL,NULL,'20180224304',NULL,'Fijo','Praxis',NULL,'20-01-2018','20-02-2018','25-02-2018','9675432976',NULL,NULL,NULL,NULL,NULL,NULL,NULL,NULL,NULL,NULL,'2018-02-26 16:57:47',5,1,7,'2018-02-26 16:57:47'),(132,'Maria Cruz','56988051289',4,NULL,'Santiago','13',NULL,NULL,NULL,NULL,NULL,'20180226306',NULL,'Fijo','Praxis',NULL,'20-01-2018','20-02-2018','25-02-2018','9675432976','6789546',NULL,NULL,NULL,NULL,NULL,NULL,NULL,NULL,NULL,'2018-02-26 16:57:47',5,1,7,'2018-02-26 16:57:47'),(133,'Samuel Venegas','56988051289',4,NULL,'Valparaiso','5',NULL,NULL,NULL,NULL,NULL,'20180228308',NULL,'Fijo','Praxis',NULL,'20-01-2018','20-02-2018','25-02-2018','9675432976','99567910',NULL,NULL,NULL,NULL,NULL,NULL,NULL,NULL,NULL,'2018-02-26 16:57:47',5,1,7,'2018-02-26 16:57:47'),(134,'Noemi Alvarez','56988051289',4,NULL,'Arica','15',NULL,NULL,NULL,NULL,NULL,'20180230310',NULL,'Fijo','Praxis',NULL,'20-01-2018','20-02-2018','25-02-2018','9675432976',NULL,NULL,NULL,NULL,NULL,NULL,NULL,NULL,NULL,NULL,'2018-02-26 16:57:47',5,1,7,'2018-02-26 16:57:47'),(135,'Rodrigo Mendez','56988051289',4,NULL,'Santiago','13',NULL,NULL,NULL,NULL,NULL,'20180232312',NULL,'Fijo','Praxis',NULL,'20-01-2018','20-02-2018','25-02-2018','9675432976',NULL,NULL,NULL,NULL,NULL,NULL,NULL,NULL,NULL,NULL,'2018-02-26 16:57:47',5,1,7,'2018-02-26 16:57:47'),(136,'Carolina Estevez','56988051289',4,NULL,'San Bernardo','RM',NULL,NULL,NULL,NULL,NULL,'20180234314',NULL,'Fijo','Praxis',NULL,'20-01-2018','20-02-2018','25-02-2018','9675432976',NULL,NULL,NULL,NULL,NULL,NULL,NULL,NULL,NULL,NULL,'2018-02-26 16:57:47',5,1,7,'2018-02-26 16:57:47'),(137,'Laura Andrade','56988051289',4,NULL,'Santiago','13',NULL,NULL,NULL,NULL,NULL,'20180220300',NULL,'Fijo','Praxis',NULL,'20-01-2018','20-02-2018','25-02-2018','9675432976',NULL,NULL,NULL,NULL,NULL,NULL,NULL,NULL,NULL,NULL,'2018-02-26 16:59:05',5,1,7,'2018-02-26 16:59:05'),(138,'Luisa Chavez','56988051289',4,NULL,'La Serena','4',NULL,NULL,NULL,NULL,NULL,'20180222302',NULL,'Fijo','Praxis',NULL,'20-01-2018','20-02-2018','25-02-2018','9675432976',NULL,NULL,NULL,NULL,NULL,NULL,NULL,NULL,NULL,NULL,'2018-02-26 16:59:07',5,1,7,'2018-02-26 16:59:07'),(139,'Maria Perez','56988051289',4,NULL,'Curico','7',NULL,NULL,NULL,NULL,NULL,'20180224304',NULL,'Fijo','Praxis',NULL,'20-01-2018','20-02-2018','25-02-2018','9675432976',NULL,NULL,NULL,NULL,NULL,NULL,NULL,NULL,NULL,NULL,'2018-02-26 16:59:07',5,1,7,'2018-02-26 16:59:07'),(140,'Maria Cruz','56988051289',4,NULL,'Santiago','13',NULL,NULL,NULL,NULL,NULL,'20180226306',NULL,'Fijo','Praxis',NULL,'20-01-2018','20-02-2018','25-02-2018','9675432976','6789546',NULL,NULL,NULL,NULL,NULL,NULL,NULL,NULL,NULL,'2018-02-26 16:59:07',5,1,7,'2018-02-26 16:59:07'),(141,'Samuel Venegas','944455895',4,NULL,'Valparaiso','5',NULL,NULL,NULL,NULL,NULL,'20180228308',NULL,'Fijo','Praxis',NULL,'20-01-2018','20-02-2018','25-02-2018','9675432976','99567910',NULL,NULL,NULL,NULL,NULL,NULL,NULL,NULL,NULL,'2018-02-26 16:59:07',5,1,7,'2018-02-26 16:59:07'),(142,'Luisa Godoy','944455895',4,NULL,'Arica','15',NULL,NULL,NULL,NULL,NULL,'20180230310',NULL,'Fijo','Praxis',NULL,'20-01-2018','20-02-2018','25-02-2018','9675432976',NULL,NULL,NULL,NULL,NULL,NULL,NULL,NULL,NULL,NULL,'2018-02-26 16:59:07',5,1,7,'2018-02-26 16:59:07'),(143,'Pilar Moncada','56988051289',4,NULL,'Santiago','13',NULL,NULL,NULL,NULL,NULL,'20180232312',NULL,'Fijo','Praxis',NULL,'20-01-2018','20-02-2018','25-02-2018','9675432976',NULL,NULL,NULL,NULL,NULL,NULL,NULL,NULL,NULL,NULL,'2018-02-26 16:59:07',5,1,7,'2018-02-26 16:59:07'),(144,'Carolina Estevez','56988051289',4,NULL,'San Bernardo','RM',NULL,NULL,NULL,NULL,NULL,'20180234314',NULL,'Fijo','Praxis',NULL,'20-01-2018','20-02-2018','25-02-2018','9675432976',NULL,NULL,NULL,NULL,NULL,NULL,NULL,NULL,NULL,NULL,'2018-02-26 16:59:07',5,1,7,'2018-02-26 16:59:07'),(145,'Laura Andrade','56988051289',4,NULL,'Santiago','13',NULL,NULL,NULL,NULL,NULL,'20180220300',NULL,'Fijo','Praxis',NULL,'20-01-2018','20-02-2018','25-02-2018','9675432976',NULL,NULL,NULL,NULL,NULL,NULL,NULL,NULL,NULL,NULL,'2018-02-26 16:59:07',5,1,7,'2018-02-26 16:59:07'),(146,'Luisa Chavez','56988051289',4,NULL,'La Serena','4',NULL,NULL,NULL,NULL,NULL,'20180222302',NULL,'Fijo','Praxis',NULL,'20-01-2018','20-02-2018','25-02-2018','9675432976',NULL,NULL,NULL,NULL,NULL,NULL,NULL,NULL,NULL,NULL,'2018-02-26 16:59:07',5,1,7,'2018-02-26 16:59:07'),(147,'Freddy Morales','56988051289',4,NULL,'Curico','7',NULL,NULL,NULL,NULL,NULL,'20180224304',NULL,'Fijo','Praxis',NULL,'20-01-2018','20-02-2018','25-02-2018','9675432976',NULL,NULL,NULL,NULL,NULL,NULL,NULL,NULL,NULL,NULL,'2018-02-26 16:59:07',5,1,7,'2018-02-26 16:59:07'),(148,'Maria Cruz','56988051289',4,NULL,'Santiago','13',NULL,NULL,NULL,NULL,NULL,'20180226306',NULL,'Fijo','Praxis',NULL,'20-01-2018','20-02-2018','25-02-2018','9675432976','6789546',NULL,NULL,NULL,NULL,NULL,NULL,NULL,NULL,NULL,'2018-02-26 16:59:07',5,1,7,'2018-02-26 16:59:07'),(149,'Samuel Venegas','56988051289',4,NULL,'Valparaiso','5',NULL,NULL,NULL,NULL,NULL,'20180228308',NULL,'Fijo','Praxis',NULL,'20-01-2018','20-02-2018','25-02-2018','9675432976','99567910',NULL,NULL,NULL,NULL,NULL,NULL,NULL,NULL,NULL,'2018-02-26 16:59:07',5,1,7,'2018-02-26 16:59:07'),(150,'Alberto Zurita','944455895',4,NULL,'Arica','15',NULL,NULL,NULL,NULL,NULL,'20180230310',NULL,'Fijo','Praxis',NULL,'20-01-2018','20-02-2018','25-02-2018','9675432976',NULL,NULL,NULL,NULL,NULL,NULL,NULL,NULL,NULL,NULL,'2018-02-26 16:59:07',5,1,7,'2018-02-26 16:59:07'),(151,'Rodrigo Mendez','56988051289',4,NULL,'Santiago','13',NULL,NULL,NULL,NULL,NULL,'20180232312',NULL,'Fijo','Praxis',NULL,'20-01-2018','20-02-2018','25-02-2018','9675432976',NULL,NULL,NULL,NULL,NULL,NULL,NULL,NULL,NULL,NULL,'2018-02-26 16:59:07',5,1,7,'2018-02-26 16:59:07'),(152,'Carolina Estevez','56988051289',4,NULL,'San Bernardo','RM',NULL,NULL,NULL,NULL,NULL,'20180234314',NULL,'Fijo','Praxis',NULL,'20-01-2018','20-02-2018','25-02-2018','9675432976',NULL,NULL,NULL,NULL,NULL,NULL,NULL,NULL,NULL,NULL,'2018-02-26 16:59:07',5,1,7,'2018-02-26 16:59:07'),(153,'Esteban Mendez','56988051289',4,NULL,'Santiago','13',NULL,NULL,NULL,NULL,NULL,'20180220300',NULL,'Fijo','Praxis',NULL,'20-01-2018','20-02-2018','25-02-2018','9675432976',NULL,NULL,NULL,NULL,NULL,NULL,NULL,NULL,NULL,NULL,'2018-02-26 16:59:07',5,1,7,'2018-02-26 16:59:07'),(154,'Luisa Chavez','56988051289',4,NULL,'La Serena','4',NULL,NULL,NULL,NULL,NULL,'20180222302',NULL,'Fijo','Praxis',NULL,'20-01-2018','20-02-2018','25-02-2018','9675432976',NULL,NULL,NULL,NULL,NULL,NULL,NULL,NULL,NULL,NULL,'2018-02-26 16:59:07',5,1,7,'2018-02-26 16:59:07'),(155,'Jacinta Errasuriz','56988051289',4,NULL,'Curico','7',NULL,NULL,NULL,NULL,NULL,'20180224304',NULL,'Fijo','Praxis',NULL,'20-01-2018','20-02-2018','25-02-2018','9675432976',NULL,NULL,NULL,NULL,NULL,NULL,NULL,NULL,NULL,NULL,'2018-02-26 16:59:07',5,1,7,'2018-02-26 16:59:07'),(156,'Maria Cruz','56988051289',4,NULL,'Santiago','13',NULL,NULL,NULL,NULL,NULL,'20180226306',NULL,'Fijo','Praxis',NULL,'20-01-2018','20-02-2018','25-02-2018','9675432976','6789546',NULL,NULL,NULL,NULL,NULL,NULL,NULL,NULL,NULL,'2018-02-26 16:59:07',5,1,7,'2018-02-26 16:59:07'),(157,'Samuel Venegas','56988051289',4,NULL,'Valparaiso','5',NULL,NULL,NULL,NULL,NULL,'20180228308',NULL,'Fijo','Praxis',NULL,'20-01-2018','20-02-2018','25-02-2018','9675432976','99567910',NULL,NULL,NULL,NULL,NULL,NULL,NULL,NULL,NULL,'2018-02-26 16:59:07',5,1,7,'2018-02-26 16:59:07'),(158,'Arturo Escarate','56988051289',4,NULL,'Arica','15',NULL,NULL,NULL,NULL,NULL,'20180230310',NULL,'Fijo','Praxis',NULL,'20-01-2018','20-02-2018','25-02-2018','9675432976',NULL,NULL,NULL,NULL,NULL,NULL,NULL,NULL,NULL,NULL,'2018-02-26 16:59:08',5,1,7,'2018-02-26 16:59:08'),(159,'Rodrigo Mendez','56988051289',4,NULL,'Santiago','13',NULL,NULL,NULL,NULL,NULL,'20180232312',NULL,'Fijo','Praxis',NULL,'20-01-2018','20-02-2018','25-02-2018','9675432976',NULL,NULL,NULL,NULL,NULL,NULL,NULL,NULL,NULL,NULL,'2018-02-26 16:59:08',5,1,7,'2018-02-26 16:59:08'),(160,'Carolina Estevez','56988051289',4,NULL,'San Bernardo','RM',NULL,NULL,NULL,NULL,NULL,'20180234314',NULL,'Fijo','Praxis',NULL,'20-01-2018','20-02-2018','25-02-2018','9675432976',NULL,NULL,NULL,NULL,NULL,NULL,NULL,NULL,NULL,NULL,'2018-02-26 16:59:08',5,1,7,'2018-02-26 16:59:08'),(161,'Laura Andrade','56988051289',4,NULL,'Santiago','13',NULL,NULL,NULL,NULL,NULL,'20180220300',NULL,'Fijo','Praxis',NULL,'20-01-2018','20-02-2018','25-02-2018','9675432976',NULL,NULL,NULL,NULL,NULL,NULL,NULL,NULL,NULL,NULL,'2018-02-26 16:59:08',5,1,7,'2018-02-26 16:59:08'),(162,'Luisa Chavez','56988051289',4,NULL,'La Serena','4',NULL,NULL,NULL,NULL,NULL,'20180222302',NULL,'Fijo','Praxis',NULL,'20-01-2018','20-02-2018','25-02-2018','9675432976',NULL,NULL,NULL,NULL,NULL,NULL,NULL,NULL,NULL,NULL,'2018-02-26 16:59:08',5,1,7,'2018-02-26 16:59:08'),(163,'Jacinta Errasuriz','56988051289',4,NULL,'Curico','7',NULL,NULL,NULL,NULL,NULL,'20180224304',NULL,'Fijo','Praxis',NULL,'20-01-2018','20-02-2018','25-02-2018','9675432976',NULL,NULL,NULL,NULL,NULL,NULL,NULL,NULL,NULL,NULL,'2018-02-26 16:59:08',5,1,7,'2018-02-26 16:59:08'),(164,'Maria Cruz','56988051289',4,NULL,'Santiago','13',NULL,NULL,NULL,NULL,NULL,'20180226306',NULL,'Fijo','Praxis',NULL,'20-01-2018','20-02-2018','25-02-2018','9675432976','6789546',NULL,NULL,NULL,NULL,NULL,NULL,NULL,NULL,NULL,'2018-02-26 16:59:08',5,1,7,'2018-02-26 16:59:08'),(165,'Samuel Venegas','56988051289',4,NULL,'Valparaiso','5',NULL,NULL,NULL,NULL,NULL,'20180228308',NULL,'Fijo','Praxis',NULL,'20-01-2018','20-02-2018','25-02-2018','9675432976','99567910',NULL,NULL,NULL,NULL,NULL,NULL,NULL,NULL,NULL,'2018-02-26 16:59:08',5,1,7,'2018-02-26 16:59:08'),(166,'Noemi Alvarez','56988051289',4,NULL,'Arica','15',NULL,NULL,NULL,NULL,NULL,'20180230310',NULL,'Fijo','Praxis',NULL,'20-01-2018','20-02-2018','25-02-2018','9675432976',NULL,NULL,NULL,NULL,NULL,NULL,NULL,NULL,NULL,NULL,'2018-02-26 16:59:08',5,1,7,'2018-02-26 16:59:08'),(167,'Rodrigo Mendez','56988051289',4,NULL,'Santiago','13',NULL,NULL,NULL,NULL,NULL,'20180232312',NULL,'Fijo','Praxis',NULL,'20-01-2018','20-02-2018','25-02-2018','9675432976',NULL,NULL,NULL,NULL,NULL,NULL,NULL,NULL,NULL,NULL,'2018-02-26 16:59:08',5,1,7,'2018-02-26 16:59:08'),(168,'Carolina Estevez','56988051289',4,NULL,'San Bernardo','RM',NULL,NULL,NULL,NULL,NULL,'20180234314',NULL,'Fijo','Praxis',NULL,'20-01-2018','20-02-2018','25-02-2018','9675432976',NULL,NULL,NULL,NULL,NULL,NULL,NULL,NULL,NULL,NULL,'2018-02-26 16:59:08',5,1,7,'2018-02-26 16:59:08'),(169,'Laura Andrade','56988051289',6,NULL,'Santiago','13',NULL,NULL,NULL,NULL,NULL,'20180220300',NULL,'Fijo','Praxis',NULL,'20-01-2018','20-02-2018','25-02-2018','9675432976',NULL,NULL,NULL,NULL,NULL,NULL,NULL,NULL,NULL,NULL,'2018-02-26 17:01:32',6,1,7,'2018-02-26 17:01:32'),(170,'Luisa Chavez','56988051289',6,NULL,'La Serena','4',NULL,NULL,NULL,NULL,NULL,'20180222302',NULL,'Fijo','Praxis',NULL,'20-01-2018','20-02-2018','25-02-2018','9675432976',NULL,NULL,NULL,NULL,NULL,NULL,NULL,NULL,NULL,NULL,'2018-02-26 17:01:32',6,1,7,'2018-02-26 17:01:32'),(171,'Maria Perez','56988051289',6,NULL,'Curico','7',NULL,NULL,NULL,NULL,NULL,'20180224304',NULL,'Fijo','Praxis',NULL,'20-01-2018','20-02-2018','25-02-2018','9675432976',NULL,NULL,NULL,NULL,NULL,NULL,NULL,NULL,NULL,NULL,'2018-02-26 17:01:32',6,1,7,'2018-02-26 17:01:32'),(172,'Maria Cruz','56988051289',6,NULL,'Santiago','13',NULL,NULL,NULL,NULL,NULL,'20180226306',NULL,'Fijo','Praxis',NULL,'20-01-2018','20-02-2018','25-02-2018','9675432976','6789546',NULL,NULL,NULL,NULL,NULL,NULL,NULL,NULL,NULL,'2018-02-26 17:01:32',6,1,7,'2018-02-26 17:01:32'),(173,'Samuel Venegas','944455895',6,NULL,'Valparaiso','5',NULL,NULL,NULL,NULL,NULL,'20180228308',NULL,'Fijo','Praxis',NULL,'20-01-2018','20-02-2018','25-02-2018','9675432976','99567910',NULL,NULL,NULL,NULL,NULL,NULL,NULL,NULL,NULL,'2018-02-26 17:01:33',6,1,7,'2018-02-26 17:01:33'),(174,'Luisa Godoy','944455895',6,NULL,'Arica','15',NULL,NULL,NULL,NULL,NULL,'20180230310',NULL,'Fijo','Praxis',NULL,'20-01-2018','20-02-2018','25-02-2018','9675432976',NULL,NULL,NULL,NULL,NULL,NULL,NULL,NULL,NULL,NULL,'2018-02-26 17:01:33',6,1,7,'2018-02-26 17:01:33'),(175,'Pilar Moncada','56988051289',6,NULL,'Santiago','13',NULL,NULL,NULL,NULL,NULL,'20180232312',NULL,'Fijo','Praxis',NULL,'20-01-2018','20-02-2018','25-02-2018','9675432976',NULL,NULL,NULL,NULL,NULL,NULL,NULL,NULL,NULL,NULL,'2018-02-26 17:01:33',6,1,7,'2018-02-26 17:01:33'),(176,'Carolina Estevez','56988051289',6,NULL,'San Bernardo','RM',NULL,NULL,NULL,NULL,NULL,'20180234314',NULL,'Fijo','Praxis',NULL,'20-01-2018','20-02-2018','25-02-2018','9675432976',NULL,NULL,NULL,NULL,NULL,NULL,NULL,NULL,NULL,NULL,'2018-02-26 17:01:33',6,1,7,'2018-02-26 17:01:33'),(177,'Laura Andrade','56988051289',6,NULL,'Santiago','13',NULL,NULL,NULL,NULL,NULL,'20180220300',NULL,'Fijo','Praxis',NULL,'20-01-2018','20-02-2018','25-02-2018','9675432976',NULL,NULL,NULL,NULL,NULL,NULL,NULL,NULL,NULL,NULL,'2018-02-26 17:01:34',6,1,7,'2018-02-26 17:01:34'),(178,'Luisa Chavez','56988051289',6,NULL,'La Serena','4',NULL,NULL,NULL,NULL,NULL,'20180222302',NULL,'Fijo','Praxis',NULL,'20-01-2018','20-02-2018','25-02-2018','9675432976',NULL,NULL,NULL,NULL,NULL,NULL,NULL,NULL,NULL,NULL,'2018-02-26 17:01:34',6,1,7,'2018-02-26 17:01:34'),(179,'Freddy Morales','56988051289',6,NULL,'Curico','7',NULL,NULL,NULL,NULL,NULL,'20180224304',NULL,'Fijo','Praxis',NULL,'20-01-2018','20-02-2018','25-02-2018','9675432976',NULL,NULL,NULL,NULL,NULL,NULL,NULL,NULL,NULL,NULL,'2018-02-26 17:01:34',6,1,7,'2018-02-26 17:01:34'),(180,'Maria Cruz','56988051289',6,NULL,'Santiago','13',NULL,NULL,NULL,NULL,NULL,'20180226306',NULL,'Fijo','Praxis',NULL,'20-01-2018','20-02-2018','25-02-2018','9675432976','6789546',NULL,NULL,NULL,NULL,NULL,NULL,NULL,NULL,NULL,'2018-02-26 17:01:34',6,1,7,'2018-02-26 17:01:34'),(181,'Samuel Venegas','56988051289',6,NULL,'Valparaiso','5',NULL,NULL,NULL,NULL,NULL,'20180228308',NULL,'Fijo','Praxis',NULL,'20-01-2018','20-02-2018','25-02-2018','9675432976','99567910',NULL,NULL,NULL,NULL,NULL,NULL,NULL,NULL,NULL,'2018-02-26 17:01:34',6,1,7,'2018-02-26 17:01:34'),(182,'Alberto Zurita','944455895',6,NULL,'Arica','15',NULL,NULL,NULL,NULL,NULL,'20180230310',NULL,'Fijo','Praxis',NULL,'20-01-2018','20-02-2018','25-02-2018','9675432976',NULL,NULL,NULL,NULL,NULL,NULL,NULL,NULL,NULL,NULL,'2018-02-26 17:01:34',6,1,7,'2018-02-26 17:01:34'),(183,'Rodrigo Mendez','56988051289',6,NULL,'Santiago','13',NULL,NULL,NULL,NULL,NULL,'20180232312',NULL,'Fijo','Praxis',NULL,'20-01-2018','20-02-2018','25-02-2018','9675432976',NULL,NULL,NULL,NULL,NULL,NULL,NULL,NULL,NULL,NULL,'2018-02-26 17:01:34',6,1,7,'2018-02-26 17:01:34'),(184,'Carolina Estevez','56988051289',6,NULL,'San Bernardo','RM',NULL,NULL,NULL,NULL,NULL,'20180234314',NULL,'Fijo','Praxis',NULL,'20-01-2018','20-02-2018','25-02-2018','9675432976',NULL,NULL,NULL,NULL,NULL,NULL,NULL,NULL,NULL,NULL,'2018-02-26 17:01:34',6,1,7,'2018-02-26 17:01:34'),(185,'Esteban Mendez','56988051289',6,NULL,'Santiago','13',NULL,NULL,NULL,NULL,NULL,'20180220300',NULL,'Fijo','Praxis',NULL,'20-01-2018','20-02-2018','25-02-2018','9675432976',NULL,NULL,NULL,NULL,NULL,NULL,NULL,NULL,NULL,NULL,'2018-02-26 17:01:34',6,1,7,'2018-02-26 17:01:34'),(186,'Luisa Chavez','56988051289',6,NULL,'La Serena','4',NULL,NULL,NULL,NULL,NULL,'20180222302',NULL,'Fijo','Praxis',NULL,'20-01-2018','20-02-2018','25-02-2018','9675432976',NULL,NULL,NULL,NULL,NULL,NULL,NULL,NULL,NULL,NULL,'2018-02-26 17:01:34',6,1,7,'2018-02-26 17:01:34'),(187,'Jacinta Errasuriz','56988051289',6,NULL,'Curico','7',NULL,NULL,NULL,NULL,NULL,'20180224304',NULL,'Fijo','Praxis',NULL,'20-01-2018','20-02-2018','25-02-2018','9675432976',NULL,NULL,NULL,NULL,NULL,NULL,NULL,NULL,NULL,NULL,'2018-02-26 17:01:34',6,1,7,'2018-02-26 17:01:34'),(188,'Maria Cruz','56988051289',6,NULL,'Santiago','13',NULL,NULL,NULL,NULL,NULL,'20180226306',NULL,'Fijo','Praxis',NULL,'20-01-2018','20-02-2018','25-02-2018','9675432976','6789546',NULL,NULL,NULL,NULL,NULL,NULL,NULL,NULL,NULL,'2018-02-26 17:01:34',6,1,7,'2018-02-26 17:01:34'),(189,'Samuel Venegas','56988051289',6,NULL,'Valparaiso','5',NULL,NULL,NULL,NULL,NULL,'20180228308',NULL,'Fijo','Praxis',NULL,'20-01-2018','20-02-2018','25-02-2018','9675432976','99567910',NULL,NULL,NULL,NULL,NULL,NULL,NULL,NULL,NULL,'2018-02-26 17:01:34',6,1,7,'2018-02-26 17:01:34'),(190,'Arturo Escarate','56988051289',6,NULL,'Arica','15',NULL,NULL,NULL,NULL,NULL,'20180230310',NULL,'Fijo','Praxis',NULL,'20-01-2018','20-02-2018','25-02-2018','9675432976',NULL,NULL,NULL,NULL,NULL,NULL,NULL,NULL,NULL,NULL,'2018-02-26 17:01:34',6,1,7,'2018-02-26 17:01:34'),(191,'Rodrigo Mendez','56988051289',6,NULL,'Santiago','13',NULL,NULL,NULL,NULL,NULL,'20180232312',NULL,'Fijo','Praxis',NULL,'20-01-2018','20-02-2018','25-02-2018','9675432976',NULL,NULL,NULL,NULL,NULL,NULL,NULL,NULL,NULL,NULL,'2018-02-26 17:01:34',6,1,7,'2018-02-26 17:01:34'),(192,'Carolina Estevez','56988051289',6,NULL,'San Bernardo','RM',NULL,NULL,NULL,NULL,NULL,'20180234314',NULL,'Fijo','Praxis',NULL,'20-01-2018','20-02-2018','25-02-2018','9675432976',NULL,NULL,NULL,NULL,NULL,NULL,NULL,NULL,NULL,NULL,'2018-02-26 17:01:34',6,1,7,'2018-02-26 17:01:34'),(193,'Laura Andrade','56988051289',6,NULL,'Santiago','13',NULL,NULL,NULL,NULL,NULL,'20180220300',NULL,'Fijo','Praxis',NULL,'20-01-2018','20-02-2018','25-02-2018','9675432976',NULL,NULL,NULL,NULL,NULL,NULL,NULL,NULL,NULL,NULL,'2018-02-26 17:01:34',6,1,7,'2018-02-26 17:01:34'),(194,'Luisa Chavez','56988051289',6,NULL,'La Serena','4',NULL,NULL,NULL,NULL,NULL,'20180222302',NULL,'Fijo','Praxis',NULL,'20-01-2018','20-02-2018','25-02-2018','9675432976',NULL,NULL,NULL,NULL,NULL,NULL,NULL,NULL,NULL,NULL,'2018-02-26 17:01:34',6,1,7,'2018-02-26 17:01:34'),(195,'Jacinta Errasuriz','56988051289',6,NULL,'Curico','7',NULL,NULL,NULL,NULL,NULL,'20180224304',NULL,'Fijo','Praxis',NULL,'20-01-2018','20-02-2018','25-02-2018','9675432976',NULL,NULL,NULL,NULL,NULL,NULL,NULL,NULL,NULL,NULL,'2018-02-26 17:01:34',6,1,7,'2018-02-26 17:01:34'),(196,'Maria Cruz','56988051289',6,NULL,'Santiago','13',NULL,NULL,NULL,NULL,NULL,'20180226306',NULL,'Fijo','Praxis',NULL,'20-01-2018','20-02-2018','25-02-2018','9675432976','6789546',NULL,NULL,NULL,NULL,NULL,NULL,NULL,NULL,NULL,'2018-02-26 17:01:34',6,1,7,'2018-02-26 17:01:34'),(197,'Samuel Venegas','56988051289',6,NULL,'Valparaiso','5',NULL,NULL,NULL,NULL,NULL,'20180228308',NULL,'Fijo','Praxis',NULL,'20-01-2018','20-02-2018','25-02-2018','9675432976','99567910',NULL,NULL,NULL,NULL,NULL,NULL,NULL,NULL,NULL,'2018-02-26 17:01:34',6,1,7,'2018-02-26 17:01:34'),(198,'Noemi Alvarez','56988051289',6,NULL,'Arica','15',NULL,NULL,NULL,NULL,NULL,'20180230310',NULL,'Fijo','Praxis',NULL,'20-01-2018','20-02-2018','25-02-2018','9675432976',NULL,NULL,NULL,NULL,NULL,NULL,NULL,NULL,NULL,NULL,'2018-02-26 17:01:34',6,1,7,'2018-02-26 17:01:34'),(199,'Rodrigo Mendez','56988051289',6,NULL,'Santiago','13',NULL,NULL,NULL,NULL,NULL,'20180232312',NULL,'Fijo','Praxis',NULL,'20-01-2018','20-02-2018','25-02-2018','9675432976',NULL,NULL,NULL,NULL,NULL,NULL,NULL,NULL,NULL,NULL,'2018-02-26 17:01:34',6,1,7,'2018-02-26 17:01:34'),(200,'Carolina Estevez','56988051289',6,NULL,'San Bernardo','RM',NULL,NULL,NULL,NULL,NULL,'20180234314',NULL,'Fijo','Praxis',NULL,'20-01-2018','20-02-2018','25-02-2018','9675432976',NULL,NULL,NULL,NULL,NULL,NULL,NULL,NULL,NULL,NULL,'2018-02-26 17:01:34',6,1,7,'2018-02-26 17:01:34');
/*!40000 ALTER TABLE `contactos` ENABLE KEYS */;
UNLOCK TABLES;

--
-- Table structure for table `encuestas`
--

DROP TABLE IF EXISTS `encuestas`;
/*!40101 SET @saved_cs_client     = @@character_set_client */;
/*!40101 SET character_set_client = utf8 */;
CREATE TABLE `encuestas` (
  `id` int(11) NOT NULL AUTO_INCREMENT,
  `nombre` varchar(100) NOT NULL,
  `link` varchar(100) NOT NULL,
  `status` tinyint(4) NOT NULL,
  `created_at` datetime DEFAULT NULL,
  `updated_at` datetime DEFAULT NULL,
  `campaign_id` int(11) NOT NULL,
  PRIMARY KEY (`id`)
) ENGINE=InnoDB AUTO_INCREMENT=7 DEFAULT CHARSET=utf8;
/*!40101 SET character_set_client = @saved_cs_client */;

--
-- Dumping data for table `encuestas`
--

LOCK TABLES `encuestas` WRITE;
/*!40000 ALTER TABLE `encuestas` DISABLE KEYS */;
INSERT INTO `encuestas` VALUES (1,'Melon Hormigones Mensajeria','http://localhost:8080/prueba-lime/limesurvey/index.php/998811?lang=es-CL',1,'2017-12-04 13:13:31','2017-12-04 15:31:17',1),(2,'Nueva encuesta','http://localhost:8080/prueba-lime/limesurvey/index.php/998811?lang=es-CL',2,'2017-12-05 13:09:56','2017-12-05 13:09:56',1),(3,'Otra encuesta','http://localhost:8080/prueba-lime/limesurvey/index.php/998811?lang=es-CL',1,'2017-12-05 13:10:54','2017-12-05 13:13:27',1),(4,'Proyectos Easy','http://localhost:8080/limesurvey/index.php/318492?lang=es-CL',1,'2017-12-06 17:50:46','2018-02-08 17:57:14',2),(6,'Premio Permanencia','http://localhost:8080/prueba-lime/limesurvey/index.php/764876?lang=es-CL',1,'2018-02-20 09:46:44','2018-02-21 17:53:17',4);
/*!40000 ALTER TABLE `encuestas` ENABLE KEYS */;
UNLOCK TABLES;

--
-- Table structure for table `encuestas_usuarios`
--

DROP TABLE IF EXISTS `encuestas_usuarios`;
/*!40101 SET @saved_cs_client     = @@character_set_client */;
/*!40101 SET character_set_client = utf8 */;
CREATE TABLE `encuestas_usuarios` (
  `id` int(11) NOT NULL AUTO_INCREMENT,
  `encuesta_id` int(11) NOT NULL,
  `usuario_id` int(11) NOT NULL,
  PRIMARY KEY (`id`)
) ENGINE=InnoDB AUTO_INCREMENT=5 DEFAULT CHARSET=utf8;
/*!40101 SET character_set_client = @saved_cs_client */;

--
-- Dumping data for table `encuestas_usuarios`
--

LOCK TABLES `encuestas_usuarios` WRITE;
/*!40000 ALTER TABLE `encuestas_usuarios` DISABLE KEYS */;
INSERT INTO `encuestas_usuarios` VALUES (1,1,5),(2,1,6),(3,4,6),(4,6,6);
/*!40000 ALTER TABLE `encuestas_usuarios` ENABLE KEYS */;
UNLOCK TABLES;

--
-- Table structure for table `estado_llamadas`
--

DROP TABLE IF EXISTS `estado_llamadas`;
/*!40101 SET @saved_cs_client     = @@character_set_client */;
/*!40101 SET character_set_client = utf8 */;
CREATE TABLE `estado_llamadas` (
  `id` int(11) NOT NULL AUTO_INCREMENT,
  `nombre` varchar(50) NOT NULL,
  PRIMARY KEY (`id`)
) ENGINE=InnoDB AUTO_INCREMENT=8 DEFAULT CHARSET=utf8;
/*!40101 SET character_set_client = @saved_cs_client */;

--
-- Dumping data for table `estado_llamadas`
--

LOCK TABLES `estado_llamadas` WRITE;
/*!40000 ALTER TABLE `estado_llamadas` DISABLE KEYS */;
INSERT INTO `estado_llamadas` VALUES (1,'Encuestado'),(2,'No Contesta'),(3,'Buzn de Voz'),(4,'Nmero Equivocado'),(5,'Nmero No Existe'),(6,'No Desea Contestar'),(7,'No Contactado');
/*!40000 ALTER TABLE `estado_llamadas` ENABLE KEYS */;
UNLOCK TABLES;

--
-- Table structure for table `roles`
--

DROP TABLE IF EXISTS `roles`;
/*!40101 SET @saved_cs_client     = @@character_set_client */;
/*!40101 SET character_set_client = utf8 */;
CREATE TABLE `roles` (
  `id` int(11) NOT NULL AUTO_INCREMENT,
  `nombre` varchar(50) NOT NULL,
  PRIMARY KEY (`id`)
) ENGINE=InnoDB AUTO_INCREMENT=4 DEFAULT CHARSET=utf8;
/*!40101 SET character_set_client = @saved_cs_client */;

--
-- Dumping data for table `roles`
--

LOCK TABLES `roles` WRITE;
/*!40000 ALTER TABLE `roles` DISABLE KEYS */;
INSERT INTO `roles` VALUES (1,'Administrador'),(2,'Ejecutivo'),(3,'Supervisor');
/*!40000 ALTER TABLE `roles` ENABLE KEYS */;
UNLOCK TABLES;

--
-- Table structure for table `usuarios`
--

DROP TABLE IF EXISTS `usuarios`;
/*!40101 SET @saved_cs_client     = @@character_set_client */;
/*!40101 SET character_set_client = utf8 */;
CREATE TABLE `usuarios` (
  `id` int(11) NOT NULL AUTO_INCREMENT,
  `nombre` varchar(100) NOT NULL,
  `email` varchar(100) NOT NULL,
  `clave` varchar(255) NOT NULL,
  `created_at` datetime DEFAULT NULL,
  `updated_at` datetime DEFAULT NULL,
  `role_id` int(11) NOT NULL,
  PRIMARY KEY (`id`)
) ENGINE=InnoDB AUTO_INCREMENT=7 DEFAULT CHARSET=utf8;
/*!40101 SET character_set_client = @saved_cs_client */;

--
-- Dumping data for table `usuarios`
--

LOCK TABLES `usuarios` WRITE;
/*!40000 ALTER TABLE `usuarios` DISABLE KEYS */;
INSERT INTO `usuarios` VALUES (1,'Segundo Galdames H.','segundogaldames@gmail.com','930fa2faf4ebaf4f5d4b6650d0f8dc8b725a8206','2017-11-30 10:46:08','2017-11-30 17:27:21',1),(3,'Stephanie Henriquez','shenriquez@metasolutions.cl','930fa2faf4ebaf4f5d4b6650d0f8dc8b725a8206','2017-11-30 12:37:24','2017-11-30 12:37:24',3),(4,'Kathy Kuhn','kkuhn@metaservicios.cl','930fa2faf4ebaf4f5d4b6650d0f8dc8b725a8206','2017-11-30 13:11:03','2018-02-22 17:17:10',1),(5,'Javier Martinez Ayala','jmartineza@gmail.com','930fa2faf4ebaf4f5d4b6650d0f8dc8b725a8206','2017-11-30 13:14:38','2018-02-23 13:21:27',2),(6,'Segundo Galdames H.','sgaldames@metasolutions.cl','930fa2faf4ebaf4f5d4b6650d0f8dc8b725a8206','2017-12-05 12:55:36','2017-12-05 12:55:36',2);
/*!40000 ALTER TABLE `usuarios` ENABLE KEYS */;
UNLOCK TABLES;
/*!40103 SET TIME_ZONE=@OLD_TIME_ZONE */;

/*!40101 SET SQL_MODE=@OLD_SQL_MODE */;
/*!40014 SET FOREIGN_KEY_CHECKS=@OLD_FOREIGN_KEY_CHECKS */;
/*!40014 SET UNIQUE_CHECKS=@OLD_UNIQUE_CHECKS */;
/*!40101 SET CHARACTER_SET_CLIENT=@OLD_CHARACTER_SET_CLIENT */;
/*!40101 SET CHARACTER_SET_RESULTS=@OLD_CHARACTER_SET_RESULTS */;
/*!40101 SET COLLATION_CONNECTION=@OLD_COLLATION_CONNECTION */;
/*!40111 SET SQL_NOTES=@OLD_SQL_NOTES */;

-- Dump completed on 2018-02-27 10:51:10
